,Anomaly,ano,mes,mes_num,data1,year,co2
0,-2.7,1880,jan,1,1880-1-01,1880,3852.3
1,-2.33,1880,feb,2,1880-2-01,1880,3852.3
2,-1.58,1880,mar,3,1880-3-01,1880,3852.3
3,-0.67,1880,apr,4,1880-4-01,1880,3852.3
4,0.35,1880,may,5,1880-5-01,1880,3852.3
5,0.93,1880,jun,6,1880-6-01,1880,3852.3
6,1.21,1880,jul,7,1880-7-01,1880,3852.3
7,1.21,1880,aug,8,1880-8-01,1880,3852.3
8,0.49,1880,sep,9,1880-9-01,1880,3852.3
9,-0.59,1880,,10,1880-10-01,1880,3852.3
10,-1.65,1880,nov,11,1880-11-01,1880,3852.3
11,-2.38,1880,dec,12,1880-12-01,1880,3852.3
12,-2.57,1881,jan,1,1881-1-01,1881,3973.0
13,-2.32,1881,feb,2,1881-2-01,1881,3973.0
14,-1.43,1881,mar,3,1881-3-01,1881,3973.0
15,-0.43,1881,apr,4,1881-4-01,1881,3973.0
16,0.49,1881,may,5,1881-5-01,1881,3973.0
17,0.96,1881,jun,6,1881-6-01,1881,3973.0
18,1.35,1881,jul,7,1881-7-01,1881,3973.0
19,1.27,1881,aug,8,1881-8-01,1881,3973.0
20,0.51,1881,sep,9,1881-9-01,1881,3973.0
21,-0.57,1881,,10,1881-10-01,1881,3973.0
22,-1.67,1881,nov,11,1881-11-01,1881,3973.0
23,-2.26,1881,dec,12,1881-12-01,1881,3973.0
24,-2.27,1882,jan,1,1882-1-01,1882,4167.6
25,-2.0,1882,feb,2,1882-2-01,1882,4167.6
26,-1.44,1882,mar,3,1882-3-01,1882,4167.6
27,-0.66,1882,apr,4,1882-4-01,1882,4167.6
28,0.31,1882,may,5,1882-5-01,1882,4167.6
29,0.9,1882,jun,6,1882-6-01,1882,4167.6
30,1.21,1882,jul,7,1882-7-01,1882,4167.6
31,1.24,1882,aug,8,1882-8-01,1882,4167.6
32,0.55,1882,sep,9,1882-9-01,1882,4167.6
33,-0.61,1882,,10,1882-10-01,1882,4167.6
34,-1.61,1882,nov,11,1882-11-01,1882,4167.6
35,-2.4,1882,dec,12,1882-12-01,1882,4167.6
36,-2.73,1883,jan,1,1883-1-01,1883,4423.4
37,-2.54,1883,feb,2,1883-2-01,1883,4423.4
38,-1.6,1883,mar,3,1883-3-01,1883,4423.4
39,-0.64,1883,apr,4,1883-4-01,1883,4423.4
40,0.27,1883,may,5,1883-5-01,1883,4423.4
41,1.03,1883,jun,6,1883-6-01,1883,4423.4
42,1.34,1883,jul,7,1883-7-01,1883,4423.4
43,1.15,1883,aug,8,1883-8-01,1883,4423.4
44,0.44,1883,sep,9,1883-9-01,1883,4423.4
45,-0.5,1883,,10,1883-10-01,1883,4423.4
46,-1.67,1883,nov,11,1883-11-01,1883,4423.4
47,-2.31,1883,dec,12,1883-12-01,1883,4423.4
48,-2.57,1884,jan,1,1884-1-01,1884,4449.1
49,-2.23,1884,feb,2,1884-2-01,1884,4449.1
50,-1.84,1884,mar,3,1884-3-01,1884,4449.1
51,-0.9,1884,apr,4,1884-4-01,1884,4449.1
52,0.1,1884,may,5,1884-5-01,1884,4449.1
53,0.75,1884,jun,6,1884-6-01,1884,4449.1
54,1.07,1884,jul,7,1884-7-01,1884,4449.1
55,1.04,1884,aug,8,1884-8-01,1884,4449.1
56,0.38,1884,sep,9,1884-9-01,1884,4449.1
57,-0.6,1884,,10,1884-10-01,1884,4449.1
58,-1.75,1884,nov,11,1884-11-01,1884,4449.1
59,-2.44,1884,dec,12,1884-12-01,1884,4449.1
60,-3.0,1885,jan,1,1885-1-01,1885,4476.9
61,-2.45,1885,feb,2,1885-2-01,1885,4476.9
62,-1.72,1885,mar,3,1885-3-01,1885,4476.9
63,-0.89,1885,apr,4,1885-4-01,1885,4476.9
64,0.05,1885,may,5,1885-5-01,1885,4476.9
65,0.72,1885,jun,6,1885-6-01,1885,4476.9
66,1.06,1885,jul,7,1885-7-01,1885,4476.9
67,0.98,1885,aug,8,1885-8-01,1885,4476.9
68,0.41,1885,sep,9,1885-9-01,1885,4476.9
69,-0.55,1885,,10,1885-10-01,1885,4476.9
70,-1.65,1885,nov,11,1885-11-01,1885,4476.9
71,-2.2,1885,dec,12,1885-12-01,1885,4476.9
72,-2.83,1886,jan,1,1886-1-01,1886,4523.8
73,-2.6,1886,feb,2,1886-2-01,1886,4523.8
74,-1.86,1886,mar,3,1886-3-01,1886,4523.8
75,-0.75,1886,apr,4,1886-4-01,1886,4523.8
76,0.21,1886,may,5,1886-5-01,1886,4523.8
77,0.77,1886,jun,6,1886-6-01,1886,4523.8
78,1.2,1886,jul,7,1886-7-01,1886,4523.8
79,0.96,1886,aug,8,1886-8-01,1886,4523.8
80,0.39,1886,sep,9,1886-9-01,1886,4523.8
81,-0.65,1886,,10,1886-10-01,1886,4523.8
82,-1.76,1886,nov,11,1886-11-01,1886,4523.8
83,-2.42,1886,dec,12,1886-12-01,1886,4523.8
84,-3.14,1887,jan,1,1887-1-01,1887,4734.7
85,-2.67,1887,feb,2,1887-2-01,1887,4734.7
86,-1.81,1887,mar,3,1887-3-01,1887,4734.7
87,-0.86,1887,apr,4,1887-4-01,1887,4734.7
88,0.15,1887,may,5,1887-5-01,1887,4734.7
89,0.92,1887,jun,6,1887-6-01,1887,4734.7
90,1.19,1887,jul,7,1887-7-01,1887,4734.7
91,0.98,1887,aug,8,1887-8-01,1887,4734.7
92,0.42,1887,sep,9,1887-9-01,1887,4734.7
93,-0.69,1887,,10,1887-10-01,1887,4734.7
94,-1.68,1887,nov,11,1887-11-01,1887,4734.7
95,-2.49,1887,dec,12,1887-12-01,1887,4734.7
96,-2.79,1888,jan,1,1888-1-01,1888,5173.7
97,-2.51,1888,feb,2,1888-2-01,1888,5173.7
98,-1.88,1888,mar,3,1888-3-01,1888,5173.7
99,-0.69,1888,apr,4,1888-4-01,1888,5173.7
100,0.25,1888,may,5,1888-5-01,1888,5173.7
101,0.98,1888,jun,6,1888-6-01,1888,5173.7
102,1.33,1888,jul,7,1888-7-01,1888,5173.7
103,1.14,1888,aug,8,1888-8-01,1888,5173.7
104,0.55,1888,sep,9,1888-9-01,1888,5173.7
105,-0.34,1888,,10,1888-10-01,1888,5173.7
106,-1.44,1888,nov,11,1888-11-01,1888,5173.7
107,-2.21,1888,dec,12,1888-12-01,1888,5173.7
108,-2.52,1889,jan,1,1889-1-01,1889,5245.8
109,-1.96,1889,feb,2,1889-2-01,1889,5245.8
110,-1.39,1889,mar,3,1889-3-01,1889,5245.8
111,-0.4,1889,apr,4,1889-4-01,1889,5245.8
112,0.45,1889,may,5,1889-5-01,1889,5245.8
113,1.02,1889,jun,6,1889-6-01,1889,5245.8
114,1.32,1889,jul,7,1889-7-01,1889,5245.8
115,1.1,1889,aug,8,1889-8-01,1889,5245.8
116,0.43,1889,sep,9,1889-9-01,1889,5245.8
117,-0.58,1889,,10,1889-10-01,1889,5245.8
118,-1.78,1889,nov,11,1889-11-01,1889,5245.8
119,-2.45,1889,dec,12,1889-12-01,1889,5245.8
120,-2.85,1890,jan,1,1890-1-01,1890,5643.9
121,-2.6,1890,feb,2,1890-2-01,1890,5643.9
122,-1.87,1890,mar,3,1890-3-01,1890,5643.9
123,-0.84,1890,apr,4,1890-4-01,1890,5643.9
124,0.02,1890,may,5,1890-5-01,1890,5643.9
125,0.89,1890,jun,6,1890-6-01,1890,5643.9
126,1.15,1890,jul,7,1890-7-01,1890,5643.9
127,0.92,1890,aug,8,1890-8-01,1890,5643.9
128,0.26,1890,sep,9,1890-9-01,1890,5643.9
129,-0.6,1890,,10,1890-10-01,1890,5643.9
130,-1.93,1890,nov,11,1890-11-01,1890,5643.9
131,-2.46,1890,dec,12,1890-12-01,1890,5643.9
132,-2.83,1891,jan,1,1891-1-01,1891,5889.9
133,-2.62,1891,feb,2,1891-2-01,1891,5889.9
134,-1.66,1891,mar,3,1891-3-01,1891,5889.9
135,-0.75,1891,apr,4,1891-4-01,1891,5889.9
136,0.29,1891,may,5,1891-5-01,1891,5889.9
137,0.96,1891,jun,6,1891-6-01,1891,5889.9
138,1.22,1891,jul,7,1891-7-01,1891,5889.9
139,1.14,1891,aug,8,1891-8-01,1891,5889.9
140,0.51,1891,sep,9,1891-9-01,1891,5889.9
141,-0.57,1891,,10,1891-10-01,1891,5889.9
142,-1.8,1891,nov,11,1891-11-01,1891,5889.9
143,-2.19,1891,dec,12,1891-12-01,1891,5889.9
144,-2.69,1892,jan,1,1892-1-01,1892,5896.8
145,-2.27,1892,feb,2,1892-2-01,1892,5896.8
146,-1.82,1892,mar,3,1892-3-01,1892,5896.8
147,-0.82,1892,apr,4,1892-4-01,1892,5896.8
148,0.22,1892,may,5,1892-5-01,1892,5896.8
149,0.93,1892,jun,6,1892-6-01,1892,5896.8
150,1.1,1892,jul,7,1892-7-01,1892,5896.8
151,1.05,1892,aug,8,1892-8-01,1892,5896.8
152,0.52,1892,sep,9,1892-9-01,1892,5896.8
153,-0.49,1892,,10,1892-10-01,1892,5896.8
154,-1.87,1892,nov,11,1892-11-01,1892,5896.8
155,-2.54,1892,dec,12,1892-12-01,1892,5896.8
156,-3.21,1893,jan,1,1893-1-01,1893,5801.5
157,-2.69,1893,feb,2,1893-2-01,1893,5801.5
158,-1.7,1893,mar,3,1893-3-01,1893,5801.5
159,-0.77,1893,apr,4,1893-4-01,1893,5801.5
160,0.11,1893,may,5,1893-5-01,1893,5801.5
161,0.87,1893,jun,6,1893-6-01,1893,5801.5
162,1.26,1893,jul,7,1893-7-01,1893,5801.5
163,1.03,1893,aug,8,1893-8-01,1893,5801.5
164,0.45,1893,sep,9,1893-9-01,1893,5801.5
165,-0.53,1893,,10,1893-10-01,1893,5801.5
166,-1.62,1893,nov,11,1893-11-01,1893,5801.5
167,-2.5,1893,dec,12,1893-12-01,1893,5801.5
168,-2.95,1894,jan,1,1894-1-01,1894,6090.7
169,-2.48,1894,feb,2,1894-2-01,1894,6090.7
170,-1.72,1894,mar,3,1894-3-01,1894,6090.7
171,-0.95,1894,apr,4,1894-4-01,1894,6090.7
172,0.12,1894,may,5,1894-5-01,1894,6090.7
173,0.72,1894,jun,6,1894-6-01,1894,6090.7
174,1.16,1894,jul,7,1894-7-01,1894,6090.7
175,1.08,1894,aug,8,1894-8-01,1894,6090.7
176,0.4,1894,sep,9,1894-9-01,1894,6090.7
177,-0.57,1894,,10,1894-10-01,1894,6090.7
178,-1.7,1894,nov,11,1894-11-01,1894,6090.7
179,-2.35,1894,dec,12,1894-12-01,1894,6090.7
180,-2.85,1895,jan,1,1895-1-01,1895,6394.9
181,-2.57,1895,feb,2,1895-2-01,1895,6394.9
182,-1.76,1895,mar,3,1895-3-01,1895,6394.9
183,-0.72,1895,apr,4,1895-4-01,1895,6394.9
184,0.2,1895,may,5,1895-5-01,1895,6394.9
185,0.92,1895,jun,6,1895-6-01,1895,6394.9
186,1.24,1895,jul,7,1895-7-01,1895,6394.9
187,1.14,1895,aug,8,1895-8-01,1895,6394.9
188,0.56,1895,sep,9,1895-9-01,1895,6394.9
189,-0.44,1895,,10,1895-10-01,1895,6394.9
190,-1.6,1895,nov,11,1895-11-01,1895,6394.9
191,-2.31,1895,dec,12,1895-12-01,1895,6394.9
192,-2.67,1896,jan,1,1896-1-01,1896,6629.6
193,-2.29,1896,feb,2,1896-2-01,1896,6629.6
194,-1.73,1896,mar,3,1896-3-01,1896,6629.6
195,-0.78,1896,apr,4,1896-4-01,1896,6629.6
196,0.29,1896,may,5,1896-5-01,1896,6629.6
197,1.02,1896,jun,6,1896-6-01,1896,6629.6
198,1.38,1896,jul,7,1896-7-01,1896,6629.6
199,1.26,1896,aug,8,1896-8-01,1896,6629.6
200,0.62,1896,sep,9,1896-9-01,1896,6629.6
201,-0.25,1896,,10,1896-10-01,1896,6629.6
202,-1.53,1896,nov,11,1896-11-01,1896,6629.6
203,-2.19,1896,dec,12,1896-12-01,1896,6629.6
204,-2.56,1897,jan,1,1897-1-01,1897,6948.6
205,-2.3,1897,feb,2,1897-2-01,1897,6948.6
206,-1.61,1897,mar,3,1897-3-01,1897,6948.6
207,-0.49,1897,apr,4,1897-4-01,1897,6948.6
208,0.42,1897,may,5,1897-5-01,1897,6948.6
209,1.0,1897,jun,6,1897-6-01,1897,6948.6
210,1.35,1897,jul,7,1897-7-01,1897,6948.6
211,1.19,1897,aug,8,1897-8-01,1897,6948.6
212,0.57,1897,sep,9,1897-9-01,1897,6948.6
213,-0.48,1897,,10,1897-10-01,1897,6948.6
214,-1.64,1897,nov,11,1897-11-01,1897,6948.6
215,-2.34,1897,dec,12,1897-12-01,1897,6948.6
216,-2.44,1898,jan,1,1898-1-01,1898,7285.6
217,-2.45,1898,feb,2,1898-2-01,1898,7285.6
218,-1.99,1898,mar,3,1898-3-01,1898,7285.6
219,-0.8,1898,apr,4,1898-4-01,1898,7285.6
220,0.15,1898,may,5,1898-5-01,1898,7285.6
221,0.95,1898,jun,6,1898-6-01,1898,7285.6
222,1.18,1898,jul,7,1898-7-01,1898,7285.6
223,1.05,1898,aug,8,1898-8-01,1898,7285.6
224,0.43,1898,sep,9,1898-9-01,1898,7285.6
225,-0.69,1898,,10,1898-10-01,1898,7285.6
226,-1.83,1898,nov,11,1898-11-01,1898,7285.6
227,-2.4,1898,dec,12,1898-12-01,1898,7285.6
228,-2.6,1899,jan,1,1899-1-01,1899,7901.0
229,-2.55,1899,feb,2,1899-2-01,1899,7901.0
230,-1.81,1899,mar,3,1899-3-01,1899,7901.0
231,-0.68,1899,apr,4,1899-4-01,1899,7901.0
232,0.24,1899,may,5,1899-5-01,1899,7901.0
233,0.83,1899,jun,6,1899-6-01,1899,7901.0
234,1.24,1899,jul,7,1899-7-01,1899,7901.0
235,1.23,1899,aug,8,1899-8-01,1899,7901.0
236,0.62,1899,sep,9,1899-9-01,1899,7901.0
237,-0.41,1899,,10,1899-10-01,1899,7901.0
238,-1.33,1899,nov,11,1899-11-01,1899,7901.0
239,-2.43,1899,dec,12,1899-12-01,1899,7901.0
240,-2.78,1900,jan,1,1900-1-01,1900,8322.7
241,-2.18,1900,feb,2,1900-2-01,1900,8322.7
242,-1.46,1900,mar,3,1900-3-01,1900,8322.7
243,-0.59,1900,apr,4,1900-4-01,1900,8322.7
244,0.37,1900,may,5,1900-5-01,1900,8322.7
245,1.03,1900,jun,6,1900-6-01,1900,8322.7
246,1.29,1900,jul,7,1900-7-01,1900,8322.7
247,1.2,1900,aug,8,1900-8-01,1900,8322.7
248,0.6,1900,sep,9,1900-9-01,1900,8322.7
249,-0.27,1900,,10,1900-10-01,1900,8322.7
250,-1.55,1900,nov,11,1900-11-01,1900,8322.7
251,-2.22,1900,dec,12,1900-12-01,1900,8322.7
252,-2.65,1901,jan,1,1901-1-01,1901,8504.0
253,-2.19,1901,feb,2,1901-2-01,1901,8504.0
254,-1.39,1901,mar,3,1901-3-01,1901,8504.0
255,-0.51,1901,apr,4,1901-4-01,1901,8504.0
256,0.3,1901,may,5,1901-5-01,1901,8504.0
257,1.03,1901,jun,6,1901-6-01,1901,8504.0
258,1.26,1901,jul,7,1901-7-01,1901,8504.0
259,1.1,1901,aug,8,1901-8-01,1901,8504.0
260,0.43,1901,sep,9,1901-9-01,1901,8504.0
261,-0.67,1901,,10,1901-10-01,1901,8504.0
262,-1.62,1901,nov,11,1901-11-01,1901,8504.0
263,-2.43,1901,dec,12,1901-12-01,1901,8504.0
264,-2.61,1902,jan,1,1902-1-01,1902,8661.4
265,-2.18,1902,feb,2,1902-2-01,1902,8661.4
266,-1.76,1902,mar,3,1902-3-01,1902,8661.4
267,-0.77,1902,apr,4,1902-4-01,1902,8661.4
268,0.12,1902,may,5,1902-5-01,1902,8661.4
269,0.81,1902,jun,6,1902-6-01,1902,8661.4
270,1.12,1902,jul,7,1902-7-01,1902,8661.4
271,0.98,1902,aug,8,1902-8-01,1902,8661.4
272,0.36,1902,sep,9,1902-9-01,1902,8661.4
273,-0.65,1902,,10,1902-10-01,1902,8661.4
274,-1.84,1902,nov,11,1902-11-01,1902,8661.4
275,-2.61,1902,dec,12,1902-12-01,1902,8661.4
276,-2.67,1903,jan,1,1903-1-01,1903,9329.2
277,-2.19,1903,feb,2,1903-2-01,1903,9329.2
278,-1.71,1903,mar,3,1903-3-01,1903,9329.2
279,-0.9,1903,apr,4,1903-4-01,1903,9329.2
280,0.03,1903,may,5,1903-5-01,1903,9329.2
281,0.7,1903,jun,6,1903-6-01,1903,9329.2
282,1.05,1903,jul,7,1903-7-01,1903,9329.2
283,0.81,1903,aug,8,1903-8-01,1903,9329.2
284,0.16,1903,sep,9,1903-9-01,1903,9329.2
285,-0.84,1903,,10,1903-10-01,1903,9329.2
286,-1.9,1903,nov,11,1903-11-01,1903,9329.2
287,-2.67,1903,dec,12,1903-12-01,1903,9329.2
288,-3.09,1904,jan,1,1904-1-01,1904,9463.5
289,-2.73,1904,feb,2,1904-2-01,1904,9463.5
290,-1.98,1904,mar,3,1904-3-01,1904,9463.5
291,-1.02,1904,apr,4,1904-4-01,1904,9463.5
292,-0.09,1904,may,5,1904-5-01,1904,9463.5
293,0.65,1904,jun,6,1904-6-01,1904,9463.5
294,0.88,1904,jul,7,1904-7-01,1904,9463.5
295,0.8,1904,aug,8,1904-8-01,1904,9463.5
296,0.12,1904,sep,9,1904-9-01,1904,9463.5
297,-0.76,1904,,10,1904-10-01,1904,9463.5
298,-1.67,1904,nov,11,1904-11-01,1904,9463.5
299,-2.5,1904,dec,12,1904-12-01,1904,9463.5
300,-2.81,1905,jan,1,1905-1-01,1905,9984.3
301,-2.74,1905,feb,2,1905-2-01,1905,9984.3
302,-1.71,1905,mar,3,1905-3-01,1905,9984.3
303,-0.83,1905,apr,4,1905-4-01,1905,9984.3
304,0.14,1905,may,5,1905-5-01,1905,9984.3
305,0.85,1905,jun,6,1905-6-01,1905,9984.3
306,1.13,1905,jul,7,1905-7-01,1905,9984.3
307,1.08,1905,aug,8,1905-8-01,1905,9984.3
308,0.46,1905,sep,9,1905-9-01,1905,9984.3
309,-0.61,1905,,10,1905-10-01,1905,9984.3
310,-1.55,1905,nov,11,1905-11-01,1905,9984.3
311,-2.34,1905,dec,12,1905-12-01,1905,9984.3
312,-2.69,1906,jan,1,1906-1-01,1906,10441.4
313,-2.46,1906,feb,2,1906-2-01,1906,10441.4
314,-1.63,1906,mar,3,1906-3-01,1906,10441.4
315,-0.51,1906,apr,4,1906-4-01,1906,10441.4
316,0.23,1906,may,5,1906-5-01,1906,10441.4
317,0.95,1906,jun,6,1906-6-01,1906,10441.4
318,1.17,1906,jul,7,1906-7-01,1906,10441.4
319,1.1,1906,aug,8,1906-8-01,1906,10441.4
320,0.38,1906,sep,9,1906-9-01,1906,10441.4
321,-0.55,1906,,10,1906-10-01,1906,10441.4
322,-1.84,1906,nov,11,1906-11-01,1906,10441.4
323,-2.31,1906,dec,12,1906-12-01,1906,10441.4
324,-2.83,1907,jan,1,1907-1-01,1907,11747.4
325,-2.66,1907,feb,2,1907-2-01,1907,11747.4
326,-1.74,1907,mar,3,1907-3-01,1907,11747.4
327,-0.86,1907,apr,4,1907-4-01,1907,11747.4
328,0.0,1907,may,5,1907-5-01,1907,11747.4
329,0.72,1907,jun,6,1907-6-01,1907,11747.4
330,1.05,1907,jul,7,1907-7-01,1907,11747.4
331,0.95,1907,aug,8,1907-8-01,1907,11747.4
332,0.32,1907,sep,9,1907-9-01,1907,11747.4
333,-0.6,1907,,10,1907-10-01,1907,11747.4
334,-1.94,1907,nov,11,1907-11-01,1907,11747.4
335,-2.63,1907,dec,12,1907-12-01,1907,11747.4
336,-2.85,1908,jan,1,1908-1-01,1908,11474.4
337,-2.46,1908,feb,2,1908-2-01,1908,11474.4
338,-2.01,1908,mar,3,1908-3-01,1908,11474.4
339,-0.93,1908,apr,4,1908-4-01,1908,11474.4
340,0.06,1908,may,5,1908-5-01,1908,11474.4
341,0.75,1908,jun,6,1908-6-01,1908,11474.4
342,1.02,1908,jul,7,1908-7-01,1908,11474.4
343,0.84,1908,aug,8,1908-8-01,1908,11474.4
344,0.29,1908,sep,9,1908-9-01,1908,11474.4
345,-0.81,1908,,10,1908-10-01,1908,11474.4
346,-1.95,1908,nov,11,1908-11-01,1908,11474.4
347,-2.64,1908,dec,12,1908-12-01,1908,11474.4
348,-3.1,1909,jan,1,1909-1-01,1909,11810.0
349,-2.62,1909,feb,2,1909-2-01,1909,11810.0
350,-1.98,1909,mar,3,1909-3-01,1909,11810.0
351,-1.07,1909,apr,4,1909-4-01,1909,11810.0
352,-0.09,1909,may,5,1909-5-01,1909,11810.0
353,0.63,1909,jun,6,1909-6-01,1909,11810.0
354,0.97,1909,jul,7,1909-7-01,1909,11810.0
355,0.99,1909,aug,8,1909-8-01,1909,11810.0
356,0.3,1909,sep,9,1909-9-01,1909,11810.0
357,-0.73,1909,,10,1909-10-01,1909,11810.0
358,-1.76,1909,nov,11,1909-11-01,1909,11810.0
359,-2.7,1909,dec,12,1909-12-01,1909,11810.0
360,-2.86,1910,jan,1,1910-1-01,1910,12279.3
361,-2.59,1910,feb,2,1910-2-01,1910,12279.3
362,-1.98,1910,mar,3,1910-3-01,1910,12279.3
363,-0.87,1910,apr,4,1910-4-01,1910,12279.3
364,0.12,1910,may,5,1910-5-01,1910,12279.3
365,0.78,1910,jun,6,1910-6-01,1910,12279.3
366,1.07,1910,jul,7,1910-7-01,1910,12279.3
367,0.93,1910,aug,8,1910-8-01,1910,12279.3
368,0.29,1910,sep,9,1910-9-01,1910,12279.3
369,-0.74,1910,,10,1910-10-01,1910,12279.3
370,-1.99,1910,nov,11,1910-11-01,1910,12279.3
371,-2.81,1910,dec,12,1910-12-01,1910,12279.3
372,-3.05,1911,jan,1,1911-1-01,1911,12534.0
373,-2.73,1911,feb,2,1911-2-01,1911,12534.0
374,-2.07,1911,mar,3,1911-3-01,1911,12534.0
375,-1.01,1911,apr,4,1911-4-01,1911,12534.0
376,-0.05,1911,may,5,1911-5-01,1911,12534.0
377,0.68,1911,jun,6,1911-6-01,1911,12534.0
378,1.01,1911,jul,7,1911-7-01,1911,12534.0
379,0.88,1911,aug,8,1911-8-01,1911,12534.0
380,0.27,1911,sep,9,1911-9-01,1911,12534.0
381,-0.59,1911,,10,1911-10-01,1911,12534.0
382,-1.63,1911,nov,11,1911-11-01,1911,12534.0
383,-2.37,1911,dec,12,1911-12-01,1911,12534.0
384,-2.67,1912,jan,1,1912-1-01,1912,13101.7
385,-2.27,1912,feb,2,1912-2-01,1912,13101.7
386,-1.82,1912,mar,3,1912-3-01,1912,13101.7
387,-0.67,1912,apr,4,1912-4-01,1912,13101.7
388,0.25,1912,may,5,1912-5-01,1912,13101.7
389,0.9,1912,jun,6,1912-6-01,1912,13101.7
390,0.98,1912,jul,7,1912-7-01,1912,13101.7
391,0.75,1912,aug,8,1912-8-01,1912,13101.7
392,0.14,1912,sep,9,1912-9-01,1912,13101.7
393,-0.93,1912,,10,1912-10-01,1912,13101.7
394,-1.83,1912,nov,11,1912-11-01,1912,13101.7
395,-2.58,1912,dec,12,1912-12-01,1912,13101.7
396,-2.83,1913,jan,1,1913-1-01,1913,14186.4
397,-2.58,1913,feb,2,1913-2-01,1913,14186.4
398,-1.9,1913,mar,3,1913-3-01,1913,14186.4
399,-0.87,1913,apr,4,1913-4-01,1913,14186.4
400,0.0,1913,may,5,1913-5-01,1913,14186.4
401,0.67,1913,jun,6,1913-6-01,1913,14186.4
402,1.05,1913,jul,7,1913-7-01,1913,14186.4
403,0.96,1913,aug,8,1913-8-01,1913,14186.4
404,0.29,1913,sep,9,1913-9-01,1913,14186.4
405,-0.7,1913,,10,1913-10-01,1913,14186.4
406,-1.64,1913,nov,11,1913-11-01,1913,14186.4
407,-2.19,1913,dec,12,1913-12-01,1913,14186.4
408,-2.37,1914,jan,1,1914-1-01,1914,12817.5
409,-2.26,1914,feb,2,1914-2-01,1914,12817.5
410,-1.69,1914,mar,3,1914-3-01,1914,12817.5
411,-0.76,1914,apr,4,1914-4-01,1914,12817.5
412,0.24,1914,may,5,1914-5-01,1914,12817.5
413,0.9,1914,jun,6,1914-6-01,1914,12817.5
414,1.18,1914,jul,7,1914-7-01,1914,12817.5
415,1.16,1914,aug,8,1914-8-01,1914,12817.5
416,0.52,1914,sep,9,1914-9-01,1914,12817.5
417,-0.4,1914,,10,1914-10-01,1914,12817.5
418,-1.63,1914,nov,11,1914-11-01,1914,12817.5
419,-2.23,1914,dec,12,1914-12-01,1914,12817.5
420,-2.58,1915,jan,1,1915-1-01,1915,12516.0
421,-2.15,1915,feb,2,1915-2-01,1915,12516.0
422,-1.57,1915,mar,3,1915-3-01,1915,12516.0
423,-0.41,1915,apr,4,1915-4-01,1915,12516.0
424,0.4,1915,may,5,1915-5-01,1915,12516.0
425,0.95,1915,jun,6,1915-6-01,1915,12516.0
426,1.31,1915,jul,7,1915-7-01,1915,12516.0
427,1.1,1915,aug,8,1915-8-01,1915,12516.0
428,0.48,1915,sep,9,1915-9-01,1915,12516.0
429,-0.61,1915,,10,1915-10-01,1915,12516.0
430,-1.58,1915,nov,11,1915-11-01,1915,12516.0
431,-2.32,1915,dec,12,1915-12-01,1915,12516.0
432,-2.5,1916,jan,1,1916-1-01,1916,13423.4
433,-2.28,1916,feb,2,1916-2-01,1916,13423.4
434,-1.75,1916,mar,3,1916-3-01,1916,13423.4
435,-0.77,1916,apr,4,1916-4-01,1916,13423.4
436,0.15,1916,may,5,1916-5-01,1916,13423.4
437,0.69,1916,jun,6,1916-6-01,1916,13423.4
438,1.06,1916,jul,7,1916-7-01,1916,13423.4
439,1.04,1916,aug,8,1916-8-01,1916,13423.4
440,0.33,1916,sep,9,1916-9-01,1916,13423.4
441,-0.63,1916,,10,1916-10-01,1916,13423.4
442,-1.85,1916,nov,11,1916-11-01,1916,13423.4
443,-2.95,1916,dec,12,1916-12-01,1916,13423.4
444,-2.99,1917,jan,1,1917-1-01,1917,13858.0
445,-2.76,1917,feb,2,1917-2-01,1917,13858.0
446,-2.07,1917,mar,3,1917-3-01,1917,13858.0
447,-0.98,1917,apr,4,1917-4-01,1917,13858.0
448,-0.08,1917,may,5,1917-5-01,1917,13858.0
449,0.73,1917,jun,6,1917-6-01,1917,13858.0
450,1.17,1917,jul,7,1917-7-01,1917,13858.0
451,1.08,1917,aug,8,1917-8-01,1917,13858.0
452,0.47,1917,sep,9,1917-9-01,1917,13858.0
453,-0.76,1917,,10,1917-10-01,1917,13858.0
454,-1.73,1917,nov,11,1917-11-01,1917,13858.0
455,-2.83,1917,dec,12,1917-12-01,1917,13858.0
456,-2.83,1918,jan,1,1918-1-01,1918,13439.9
457,-2.47,1918,feb,2,1918-2-01,1918,13439.9
458,-1.72,1918,mar,3,1918-3-01,1918,13439.9
459,-0.92,1918,apr,4,1918-4-01,1918,13439.9
460,0.01,1918,may,5,1918-5-01,1918,13439.9
461,0.8,1918,jun,6,1918-6-01,1918,13439.9
462,1.11,1918,jul,7,1918-7-01,1918,13439.9
463,1.0,1918,aug,8,1918-8-01,1918,13439.9
464,0.5,1918,sep,9,1918-9-01,1918,13439.9
465,-0.41,1918,,10,1918-10-01,1918,13439.9
466,-1.56,1918,nov,11,1918-11-01,1918,13439.9
467,-2.43,1918,dec,12,1918-12-01,1918,13439.9
468,-2.61,1919,jan,1,1919-1-01,1919,11633.0
469,-2.38,1919,feb,2,1919-2-01,1919,11633.0
470,-1.67,1919,mar,3,1919-3-01,1919,11633.0
471,-0.61,1919,apr,4,1919-4-01,1919,11633.0
472,0.19,1919,may,5,1919-5-01,1919,11633.0
473,0.78,1919,jun,6,1919-6-01,1919,11633.0
474,1.13,1919,jul,7,1919-7-01,1919,11633.0
475,0.97,1919,aug,8,1919-8-01,1919,11633.0
476,0.43,1919,sep,9,1919-9-01,1919,11633.0
477,-0.55,1919,,10,1919-10-01,1919,11633.0
478,-1.86,1919,nov,11,1919-11-01,1919,11633.0
479,-2.57,1919,dec,12,1919-12-01,1919,11633.0
480,-2.64,1920,jan,1,1920-1-01,1920,13532.6
481,-2.38,1920,feb,2,1920-2-01,1920,13532.6
482,-1.55,1920,mar,3,1920-3-01,1920,13532.6
483,-0.73,1920,apr,4,1920-4-01,1920,13532.6
484,0.2,1920,may,5,1920-5-01,1920,13532.6
485,0.8,1920,jun,6,1920-6-01,1920,13532.6
486,1.1,1920,jul,7,1920-7-01,1920,13532.6
487,1.05,1920,aug,8,1920-8-01,1920,13532.6
488,0.45,1920,sep,9,1920-9-01,1920,13532.6
489,-0.63,1920,,10,1920-10-01,1920,13532.6
490,-1.72,1920,nov,11,1920-11-01,1920,13532.6
491,-2.59,1920,dec,12,1920-12-01,1920,13532.6
492,-2.44,1921,jan,1,1921-1-01,1921,12002.1
493,-2.34,1921,feb,2,1921-2-01,1921,12002.1
494,-1.7,1921,mar,3,1921-3-01,1921,12002.1
495,-0.76,1921,apr,4,1921-4-01,1921,12002.1
496,0.18,1921,may,5,1921-5-01,1921,12002.1
497,0.88,1921,jun,6,1921-6-01,1921,12002.1
498,1.27,1921,jul,7,1921-7-01,1921,12002.1
499,1.06,1921,aug,8,1921-8-01,1921,12002.1
500,0.48,1921,sep,9,1921-9-01,1921,12002.1
501,-0.39,1921,,10,1921-10-01,1921,12002.1
502,-1.58,1921,nov,11,1921-11-01,1921,12002.1
503,-2.32,1921,dec,12,1921-12-01,1921,12002.1
504,-2.75,1922,jan,1,1922-1-01,1922,12735.8
505,-2.59,1922,feb,2,1922-2-01,1922,12735.8
506,-1.6,1922,mar,3,1922-3-01,1922,12735.8
507,-0.71,1922,apr,4,1922-4-01,1922,12735.8
508,0.14,1922,may,5,1922-5-01,1922,12735.8
509,0.83,1922,jun,6,1922-6-01,1922,12735.8
510,1.17,1922,jul,7,1922-7-01,1922,12735.8
511,0.99,1922,aug,8,1922-8-01,1922,12735.8
512,0.33,1922,sep,9,1922-9-01,1922,12735.8
513,-0.68,1922,,10,1922-10-01,1922,12735.8
514,-1.59,1922,nov,11,1922-11-01,1922,12735.8
515,-2.33,1922,dec,12,1922-12-01,1922,12735.8
516,-2.7,1923,jan,1,1923-1-01,1923,13936.2
517,-2.52,1923,feb,2,1923-2-01,1923,13936.2
518,-1.82,1923,mar,3,1923-3-01,1923,13936.2
519,-0.87,1923,apr,4,1923-4-01,1923,13936.2
520,0.13,1923,may,5,1923-5-01,1923,13936.2
521,0.9,1923,jun,6,1923-6-01,1923,13936.2
522,1.12,1923,jul,7,1923-7-01,1923,13936.2
523,1.0,1923,aug,8,1923-8-01,1923,13936.2
524,0.37,1923,sep,9,1923-9-01,1923,13936.2
525,-0.47,1923,,10,1923-10-01,1923,13936.2
526,-1.44,1923,nov,11,1923-11-01,1923,13936.2
527,-2.17,1923,dec,12,1923-12-01,1923,13936.2
528,-2.63,1924,jan,1,1924-1-01,1924,14371.7
529,-2.39,1924,feb,2,1924-2-01,1924,14371.7
530,-1.54,1924,mar,3,1924-3-01,1924,14371.7
531,-0.78,1924,apr,4,1924-4-01,1924,14371.7
532,0.29,1924,may,5,1924-5-01,1924,14371.7
533,0.93,1924,jun,6,1924-6-01,1924,14371.7
534,1.16,1924,jul,7,1924-7-01,1924,14371.7
535,0.96,1924,aug,8,1924-8-01,1924,14371.7
536,0.34,1924,sep,9,1924-9-01,1924,14371.7
537,-0.7,1924,,10,1924-10-01,1924,14371.7
538,-1.65,1924,nov,11,1924-11-01,1924,14371.7
539,-2.56,1924,dec,12,1924-12-01,1924,14371.7
540,-2.77,1925,jan,1,1925-1-01,1925,14456.6
541,-2.53,1925,feb,2,1925-2-01,1925,14456.6
542,-1.72,1925,mar,3,1925-3-01,1925,14456.6
543,-0.72,1925,apr,4,1925-4-01,1925,14456.6
544,0.17,1925,may,5,1925-5-01,1925,14456.6
545,0.84,1925,jun,6,1925-6-01,1925,14456.6
546,1.14,1925,jul,7,1925-7-01,1925,14456.6
547,1.15,1925,aug,8,1925-8-01,1925,14456.6
548,0.49,1925,sep,9,1925-9-01,1925,14456.6
549,-0.54,1925,,10,1925-10-01,1925,14456.6
550,-1.41,1925,nov,11,1925-11-01,1925,14456.6
551,-2.06,1925,dec,12,1925-12-01,1925,14456.6
552,-2.22,1926,jan,1,1926-1-01,1926,13820.7
553,-2.09,1926,feb,2,1926-2-01,1926,13820.7
554,-1.36,1926,mar,3,1926-3-01,1926,13820.7
555,-0.6,1926,apr,4,1926-4-01,1926,13820.7
556,0.25,1926,may,5,1926-5-01,1926,13820.7
557,0.93,1926,jun,6,1926-6-01,1926,13820.7
558,1.18,1926,jul,7,1926-7-01,1926,13820.7
559,1.17,1926,aug,8,1926-8-01,1926,13820.7
560,0.52,1926,sep,9,1926-9-01,1926,13820.7
561,-0.46,1926,,10,1926-10-01,1926,13820.7
562,-1.5,1926,nov,11,1926-11-01,1926,13820.7
563,-2.43,1926,dec,12,1926-12-01,1926,13820.7
564,-2.68,1927,jan,1,1927-1-01,1927,15561.6
565,-2.33,1927,feb,2,1927-2-01,1927,15561.6
566,-1.84,1927,mar,3,1927-3-01,1927,15561.6
567,-0.78,1927,apr,4,1927-4-01,1927,15561.6
568,0.22,1927,may,5,1927-5-01,1927,15561.6
569,0.9,1927,jun,6,1927-6-01,1927,15561.6
570,1.26,1927,jul,7,1927-7-01,1927,15561.6
571,1.09,1927,aug,8,1927-8-01,1927,15561.6
572,0.54,1927,sep,9,1927-9-01,1927,15561.6
573,-0.37,1927,,10,1927-10-01,1927,15561.6
574,-1.49,1927,nov,11,1927-11-01,1927,15561.6
575,-2.48,1927,dec,12,1927-12-01,1927,15561.6
576,-2.42,1928,jan,1,1928-1-01,1928,15526.1
577,-2.23,1928,feb,2,1928-2-01,1928,15526.1
578,-1.74,1928,mar,3,1928-3-01,1928,15526.1
579,-0.75,1928,apr,4,1928-4-01,1928,15526.1
580,0.17,1928,may,5,1928-5-01,1928,15526.1
581,0.79,1928,jun,6,1928-6-01,1928,15526.1
582,1.23,1928,jul,7,1928-7-01,1928,15526.1
583,1.07,1928,aug,8,1928-8-01,1928,15526.1
584,0.46,1928,sep,9,1928-9-01,1928,15526.1
585,-0.53,1928,,10,1928-10-01,1928,15526.1
586,-1.54,1928,nov,11,1928-11-01,1928,15526.1
587,-2.33,1928,dec,12,1928-12-01,1928,15526.1
588,-2.87,1929,jan,1,1929-1-01,1929,16702.6
589,-2.75,1929,feb,2,1929-2-01,1929,16702.6
590,-1.79,1929,mar,3,1929-3-01,1929,16702.6
591,-0.87,1929,apr,4,1929-4-01,1929,16702.6
592,0.08,1929,may,5,1929-5-01,1929,16702.6
593,0.75,1929,jun,6,1929-6-01,1929,16702.6
594,1.09,1929,jul,7,1929-7-01,1929,16702.6
595,1.01,1929,aug,8,1929-8-01,1929,16702.6
596,0.42,1929,sep,9,1929-9-01,1929,16702.6
597,-0.48,1929,,10,1929-10-01,1929,16702.6
598,-1.57,1929,nov,11,1929-11-01,1929,16702.6
599,-2.69,1929,dec,12,1929-12-01,1929,16702.6
600,-2.71,1930,jan,1,1930-1-01,1930,15500.6
601,-2.42,1930,feb,2,1930-2-01,1930,15500.6
602,-1.56,1930,mar,3,1930-3-01,1930,15500.6
603,-0.71,1930,apr,4,1930-4-01,1930,15500.6
604,0.24,1930,may,5,1930-5-01,1930,15500.6
605,0.96,1930,jun,6,1930-6-01,1930,15500.6
606,1.22,1930,jul,7,1930-7-01,1930,15500.6
607,1.18,1930,aug,8,1930-8-01,1930,15500.6
608,0.53,1930,sep,9,1930-9-01,1930,15500.6
609,-0.45,1930,,10,1930-10-01,1930,15500.6
610,-1.3,1930,nov,11,1930-11-01,1930,15500.6
611,-2.23,1930,dec,12,1930-12-01,1930,15500.6
612,-2.51,1931,jan,1,1931-1-01,1931,13987.3
613,-2.39,1931,feb,2,1931-2-01,1931,13987.3
614,-1.55,1931,mar,3,1931-3-01,1931,13987.3
615,-0.68,1931,apr,4,1931-4-01,1931,13987.3
616,0.27,1931,may,5,1931-5-01,1931,13987.3
617,1.09,1931,jun,6,1931-6-01,1931,13987.3
618,1.39,1931,jul,7,1931-7-01,1931,13987.3
619,1.27,1931,aug,8,1931-8-01,1931,13987.3
620,0.59,1931,sep,9,1931-9-01,1931,13987.3
621,-0.34,1931,,10,1931-10-01,1931,13987.3
622,-1.57,1931,nov,11,1931-11-01,1931,13987.3
623,-2.24,1931,dec,12,1931-12-01,1931,13987.3
624,-2.27,1932,jan,1,1932-1-01,1932,12720.2
625,-2.33,1932,feb,2,1932-2-01,1932,12720.2
626,-1.66,1932,mar,3,1932-3-01,1932,12720.2
627,-0.53,1932,apr,4,1932-4-01,1932,12720.2
628,0.29,1932,may,5,1932-5-01,1932,12720.2
629,0.87,1932,jun,6,1932-6-01,1932,12720.2
630,1.18,1932,jul,7,1932-7-01,1932,12720.2
631,1.07,1932,aug,8,1932-8-01,1932,12720.2
632,0.53,1932,sep,9,1932-9-01,1932,12720.2
633,-0.46,1932,,10,1932-10-01,1932,12720.2
634,-1.72,1932,nov,11,1932-11-01,1932,12720.2
635,-2.41,1932,dec,12,1932-12-01,1932,12720.2
636,-2.75,1933,jan,1,1933-1-01,1933,13333.1
637,-2.49,1933,feb,2,1933-2-01,1933,13333.1
638,-1.77,1933,mar,3,1933-3-01,1933,13333.1
639,-0.72,1933,apr,4,1933-4-01,1933,13333.1
640,0.18,1933,may,5,1933-5-01,1933,13333.1
641,0.83,1933,jun,6,1933-6-01,1933,13333.1
642,1.21,1933,jul,7,1933-7-01,1933,13333.1
643,1.06,1933,aug,8,1933-8-01,1933,13333.1
644,0.38,1933,sep,9,1933-9-01,1933,13333.1
645,-0.57,1933,,10,1933-10-01,1933,13333.1
646,-1.75,1933,nov,11,1933-11-01,1933,13333.1
647,-2.61,1933,dec,12,1933-12-01,1933,13333.1
648,-2.65,1934,jan,1,1934-1-01,1934,14535.0
649,-2.19,1934,feb,2,1934-2-01,1934,14535.0
650,-1.8,1934,mar,3,1934-3-01,1934,14535.0
651,-0.77,1934,apr,4,1934-4-01,1934,14535.0
652,0.36,1934,may,5,1934-5-01,1934,14535.0
653,1.01,1934,jun,6,1934-6-01,1934,14535.0
654,1.32,1934,jul,7,1934-7-01,1934,14535.0
655,1.19,1934,aug,8,1934-8-01,1934,14535.0
656,0.49,1934,sep,9,1934-9-01,1934,14535.0
657,-0.44,1934,,10,1934-10-01,1934,14535.0
658,-1.42,1934,nov,11,1934-11-01,1934,14535.0
659,-2.19,1934,dec,12,1934-12-01,1934,14535.0
660,-2.74,1935,jan,1,1935-1-01,1935,15257.7
661,-2.0,1935,feb,2,1935-2-01,1935,15257.7
662,-1.6,1935,mar,3,1935-3-01,1935,15257.7
663,-0.83,1935,apr,4,1935-4-01,1935,15257.7
664,0.17,1935,may,5,1935-5-01,1935,15257.7
665,0.89,1935,jun,6,1935-6-01,1935,15257.7
666,1.2,1935,jul,7,1935-7-01,1935,15257.7
667,1.08,1935,aug,8,1935-8-01,1935,15257.7
668,0.44,1935,sep,9,1935-9-01,1935,15257.7
669,-0.44,1935,,10,1935-10-01,1935,15257.7
670,-1.73,1935,nov,11,1935-11-01,1935,15257.7
671,-2.35,1935,dec,12,1935-12-01,1935,15257.7
672,-2.69,1936,jan,1,1936-1-01,1936,16634.8
673,-2.54,1936,feb,2,1936-2-01,1936,16634.8
674,-1.69,1936,mar,3,1936-3-01,1936,16634.8
675,-0.67,1936,apr,4,1936-4-01,1936,16634.8
676,0.29,1936,may,5,1936-5-01,1936,16634.8
677,0.95,1936,jun,6,1936-6-01,1936,16634.8
678,1.34,1936,jul,7,1936-7-01,1936,16634.8
679,1.17,1936,aug,8,1936-8-01,1936,16634.8
680,0.56,1936,sep,9,1936-9-01,1936,16634.8
681,-0.4,1936,,10,1936-10-01,1936,16634.8
682,-1.49,1936,nov,11,1936-11-01,1936,16634.8
683,-2.18,1936,dec,12,1936-12-01,1936,16634.8
684,-2.54,1937,jan,1,1937-1-01,1937,17853.8
685,-2.11,1937,feb,2,1937-2-01,1937,17853.8
686,-1.65,1937,mar,3,1937-3-01,1937,17853.8
687,-0.64,1937,apr,4,1937-4-01,1937,17853.8
688,0.39,1937,may,5,1937-5-01,1937,17853.8
689,1.11,1937,jun,6,1937-6-01,1937,17853.8
690,1.37,1937,jul,7,1937-7-01,1937,17853.8
691,1.32,1937,aug,8,1937-8-01,1937,17853.8
692,0.76,1937,sep,9,1937-9-01,1937,17853.8
693,-0.28,1937,,10,1937-10-01,1937,17853.8
694,-1.36,1937,nov,11,1937-11-01,1937,17853.8
695,-2.26,1937,dec,12,1937-12-01,1937,17853.8
696,-2.4,1938,jan,1,1938-1-01,1938,17088.2
697,-2.17,1938,feb,2,1938-2-01,1938,17088.2
698,-1.39,1938,mar,3,1938-3-01,1938,17088.2
699,-0.43,1938,apr,4,1938-4-01,1938,17088.2
700,0.37,1938,may,5,1938-5-01,1938,17088.2
701,0.98,1938,jun,6,1938-6-01,1938,17088.2
702,1.33,1938,jul,7,1938-7-01,1938,17088.2
703,1.24,1938,aug,8,1938-8-01,1938,17088.2
704,0.67,1938,sep,9,1938-9-01,1938,17088.2
705,-0.25,1938,,10,1938-10-01,1938,17088.2
706,-1.41,1938,nov,11,1938-11-01,1938,17088.2
707,-2.37,1938,dec,12,1938-12-01,1938,17088.2
708,-2.48,1939,jan,1,1939-1-01,1939,17934.2
709,-2.23,1939,feb,2,1939-2-01,1939,17934.2
710,-1.66,1939,mar,3,1939-3-01,1939,17934.2
711,-0.56,1939,apr,4,1939-4-01,1939,17934.2
712,0.41,1939,may,5,1939-5-01,1939,17934.2
713,1.08,1939,jun,6,1939-6-01,1939,17934.2
714,1.34,1939,jul,7,1939-7-01,1939,17934.2
715,1.23,1939,aug,8,1939-8-01,1939,17934.2
716,0.58,1939,sep,9,1939-9-01,1939,17934.2
717,-0.39,1939,,10,1939-10-01,1939,17934.2
718,-1.39,1939,nov,11,1939-11-01,1939,17934.2
719,-1.71,1939,dec,12,1939-12-01,1939,17934.2
720,-2.47,1940,jan,1,1940-1-01,1940,19486.5
721,-2.02,1940,feb,2,1940-2-01,1940,19486.5
722,-1.32,1940,mar,3,1940-3-01,1940,19486.5
723,-0.29,1940,apr,4,1940-4-01,1940,19486.5
724,0.57,1940,may,5,1940-5-01,1940,19486.5
725,1.24,1940,jun,6,1940-6-01,1940,19486.5
726,1.54,1940,jul,7,1940-7-01,1940,19486.5
727,1.35,1940,aug,8,1940-8-01,1940,19486.5
728,0.78,1940,sep,9,1940-9-01,1940,19486.5
729,-0.28,1940,,10,1940-10-01,1940,19486.5
730,-1.28,1940,nov,11,1940-11-01,1940,19486.5
731,-1.87,1940,dec,12,1940-12-01,1940,19486.5
732,-2.2,1941,jan,1,1941-1-01,1941,19636.2
733,-1.83,1941,feb,2,1941-2-01,1941,19636.2
734,-1.39,1941,mar,3,1941-3-01,1941,19636.2
735,-0.3,1941,apr,4,1941-4-01,1941,19636.2
736,0.61,1941,may,5,1941-5-01,1941,19636.2
737,1.28,1941,jun,6,1941-6-01,1941,19636.2
738,1.63,1941,jul,7,1941-7-01,1941,19636.2
739,1.44,1941,aug,8,1941-8-01,1941,19636.2
740,0.67,1941,sep,9,1941-9-01,1941,19636.2
741,-0.02,1941,,10,1941-10-01,1941,19636.2
742,-1.21,1941,nov,11,1941-11-01,1941,19636.2
743,-1.94,1941,dec,12,1941-12-01,1941,19636.2
744,-2.15,1942,jan,1,1942-1-01,1942,19244.2
745,-2.13,1942,feb,2,1942-2-01,1942,19244.2
746,-1.38,1942,mar,3,1942-3-01,1942,19244.2
747,-0.36,1942,apr,4,1942-4-01,1942,19244.2
748,0.56,1942,may,5,1942-5-01,1942,19244.2
749,1.2,1942,jun,6,1942-6-01,1942,19244.2
750,1.42,1942,jul,7,1942-7-01,1942,19244.2
751,1.26,1942,aug,8,1942-8-01,1942,19244.2
752,0.6,1942,sep,9,1942-9-01,1942,19244.2
753,-0.37,1942,,10,1942-10-01,1942,19244.2
754,-1.37,1942,nov,11,1942-11-01,1942,19244.2
755,-2.08,1942,dec,12,1942-12-01,1942,19244.2
756,-2.45,1943,jan,1,1943-1-01,1943,19534.3
757,-2.02,1943,feb,2,1943-2-01,1943,19534.3
758,-1.55,1943,mar,3,1943-3-01,1943,19534.3
759,-0.4,1943,apr,4,1943-4-01,1943,19534.3
760,0.51,1943,may,5,1943-5-01,1943,19534.3
761,1.1,1943,jun,6,1943-6-01,1943,19534.3
762,1.5,1943,jul,7,1943-7-01,1943,19534.3
763,1.3,1943,aug,8,1943-8-01,1943,19534.3
764,0.71,1943,sep,9,1943-9-01,1943,19534.3
765,-0.14,1943,,10,1943-10-01,1943,19534.3
766,-1.26,1943,nov,11,1943-11-01,1943,19534.3
767,-1.91,1943,dec,12,1943-12-01,1943,19534.3
768,-2.06,1944,jan,1,1944-1-01,1944,19565.1
769,-1.89,1944,feb,2,1944-2-01,1944,19565.1
770,-1.2,1944,mar,3,1944-3-01,1944,19565.1
771,-0.27,1944,apr,4,1944-4-01,1944,19565.1
772,0.66,1944,may,5,1944-5-01,1944,19565.1
773,1.36,1944,jun,6,1944-6-01,1944,19565.1
774,1.6,1944,jul,7,1944-7-01,1944,19565.1
775,1.47,1944,aug,8,1944-8-01,1944,19565.1
776,0.95,1944,sep,9,1944-9-01,1944,19565.1
777,-0.1,1944,,10,1944-10-01,1944,19565.1
778,-1.35,1944,nov,11,1944-11-01,1944,19565.1
779,-2.13,1944,dec,12,1944-12-01,1944,19565.1
780,-2.32,1945,jan,1,1945-1-01,1945,15594.5
781,-2.17,1945,feb,2,1945-2-01,1945,15594.5
782,-1.4,1945,mar,3,1945-3-01,1945,15594.5
783,-0.29,1945,apr,4,1945-4-01,1945,15594.5
784,0.52,1945,may,5,1945-5-01,1945,15594.5
785,1.15,1945,jun,6,1945-6-01,1945,15594.5
786,1.45,1945,jul,7,1945-7-01,1945,15594.5
787,1.57,1945,aug,8,1945-8-01,1945,15594.5
788,0.87,1945,sep,9,1945-9-01,1945,15594.5
789,-0.17,1945,,10,1945-10-01,1945,15594.5
790,-1.38,1945,nov,11,1945-11-01,1945,15594.5
791,-2.24,1945,dec,12,1945-12-01,1945,15594.5
792,-2.26,1946,jan,1,1946-1-01,1946,17627.2
793,-2.08,1946,feb,2,1946-2-01,1946,17627.2
794,-1.46,1946,mar,3,1946-3-01,1946,17627.2
795,-0.41,1946,apr,4,1946-4-01,1946,17627.2
796,0.39,1946,may,5,1946-5-01,1946,17627.2
797,0.95,1946,jun,6,1946-6-01,1946,17627.2
798,1.28,1946,jul,7,1946-7-01,1946,17627.2
799,1.14,1946,aug,8,1946-8-01,1946,17627.2
800,0.58,1946,sep,9,1946-9-01,1946,17627.2
801,-0.42,1946,,10,1946-10-01,1946,17627.2
802,-1.51,1946,nov,11,1946-11-01,1946,17627.2
803,-2.5,1946,dec,12,1946-12-01,1946,17627.2
804,-2.54,1947,jan,1,1947-1-01,1947,19688.6
805,-2.23,1947,feb,2,1947-2-01,1947,19688.6
806,-1.4,1947,mar,3,1947-3-01,1947,19688.6
807,-0.4,1947,apr,4,1947-4-01,1947,19688.6
808,0.44,1947,may,5,1947-5-01,1947,19688.6
809,1.18,1947,jun,6,1947-6-01,1947,19688.6
810,1.34,1947,jul,7,1947-7-01,1947,19688.6
811,1.21,1947,aug,8,1947-8-01,1947,19688.6
812,0.52,1947,sep,9,1947-9-01,1947,19688.6
813,-0.3,1947,,10,1947-10-01,1947,19688.6
814,-1.43,1947,nov,11,1947-11-01,1947,19688.6
815,-2.31,1947,dec,12,1947-12-01,1947,19688.6
816,-2.34,1948,jan,1,1948-1-01,1948,20822.4
817,-2.3,1948,feb,2,1948-2-01,1948,20822.4
818,-1.72,1948,mar,3,1948-3-01,1948,20822.4
819,-0.58,1948,apr,4,1948-4-01,1948,20822.4
820,0.48,1948,may,5,1948-5-01,1948,20822.4
821,1.12,1948,jun,6,1948-6-01,1948,20822.4
822,1.31,1948,jul,7,1948-7-01,1948,20822.4
823,1.18,1948,aug,8,1948-8-01,1948,20822.4
824,0.54,1948,sep,9,1948-9-01,1948,20822.4
825,-0.43,1948,,10,1948-10-01,1948,20822.4
826,-1.57,1948,nov,11,1948-11-01,1948,20822.4
827,-2.38,1948,dec,12,1948-12-01,1948,20822.4
828,-2.32,1949,jan,1,1949-1-01,1949,20750.9
829,-2.31,1949,feb,2,1949-2-01,1949,20750.9
830,-1.49,1949,mar,3,1949-3-01,1949,20750.9
831,-0.57,1949,apr,4,1949-4-01,1949,20750.9
832,0.39,1949,may,5,1949-5-01,1949,20750.9
833,0.93,1949,jun,6,1949-6-01,1949,20750.9
834,1.28,1949,jul,7,1949-7-01,1949,20750.9
835,1.18,1949,aug,8,1949-8-01,1949,20750.9
836,0.51,1949,sep,9,1949-9-01,1949,20750.9
837,-0.42,1949,,10,1949-10-01,1949,20750.9
838,-1.55,1949,nov,11,1949-11-01,1949,20750.9
839,-2.37,1949,dec,12,1949-12-01,1949,20750.9
840,-2.74,1950,jan,1,1950-1-01,1950,23193.3
841,-2.43,1950,feb,2,1950-2-01,1950,23193.3
842,-1.54,1950,mar,3,1950-3-01,1950,23193.3
843,-0.67,1950,apr,4,1950-4-01,1950,23193.3
844,0.38,1950,may,5,1950-5-01,1950,23193.3
845,1.13,1950,jun,6,1950-6-01,1950,23193.3
846,1.32,1950,jul,7,1950-7-01,1950,23193.3
847,1.14,1950,aug,8,1950-8-01,1950,23193.3
848,0.53,1950,sep,9,1950-9-01,1950,23193.3
849,-0.58,1950,,10,1950-10-01,1950,23193.3
850,-1.83,1950,nov,11,1950-11-01,1950,23193.3
851,-2.35,1950,dec,12,1950-12-01,1950,23193.3
852,-2.76,1951,jan,1,1951-1-01,1951,24765.2
853,-2.58,1951,feb,2,1951-2-01,1951,24765.2
854,-1.68,1951,mar,3,1951-3-01,1951,24765.2
855,-0.6,1951,apr,4,1951-4-01,1951,24765.2
856,0.47,1951,may,5,1951-5-01,1951,24765.2
857,1.14,1951,jun,6,1951-6-01,1951,24765.2
858,1.45,1951,jul,7,1951-7-01,1951,24765.2
859,1.36,1951,aug,8,1951-8-01,1951,24765.2
860,0.73,1951,sep,9,1951-9-01,1951,24765.2
861,-0.31,1951,,10,1951-10-01,1951,24765.2
862,-1.47,1951,nov,11,1951-11-01,1951,24765.2
863,-2.01,1951,dec,12,1951-12-01,1951,24765.2
864,-2.28,1952,jan,1,1952-1-01,1952,25203.4
865,-2.04,1952,feb,2,1952-2-01,1952,25203.4
866,-1.57,1952,mar,3,1952-3-01,1952,25203.4
867,-0.45,1952,apr,4,1952-4-01,1952,25203.4
868,0.45,1952,may,5,1952-5-01,1952,25203.4
869,1.12,1952,jun,6,1952-6-01,1952,25203.4
870,1.46,1952,jul,7,1952-7-01,1952,25203.4
871,1.34,1952,aug,8,1952-8-01,1952,25203.4
872,0.72,1952,sep,9,1952-9-01,1952,25203.4
873,-0.37,1952,,10,1952-10-01,1952,25203.4
874,-1.59,1952,nov,11,1952-11-01,1952,25203.4
875,-2.16,1952,dec,12,1952-12-01,1952,25203.4
876,-2.33,1953,jan,1,1953-1-01,1953,25929.9
877,-2.01,1953,feb,2,1953-2-01,1953,25929.9
878,-1.36,1953,mar,3,1953-3-01,1953,25929.9
879,-0.29,1953,apr,4,1953-4-01,1953,25929.9
880,0.56,1953,may,5,1953-5-01,1953,25929.9
881,1.26,1953,jun,6,1953-6-01,1953,25929.9
882,1.42,1953,jul,7,1953-7-01,1953,25929.9
883,1.36,1953,aug,8,1953-8-01,1953,25929.9
884,0.69,1953,sep,9,1953-9-01,1953,25929.9
885,-0.3,1953,,10,1953-10-01,1953,25929.9
886,-1.51,1953,nov,11,1953-11-01,1953,25929.9
887,-2.13,1953,dec,12,1953-12-01,1953,25929.9
888,-2.69,1954,jan,1,1954-1-01,1954,26744.6
889,-2.28,1954,feb,2,1954-2-01,1954,26744.6
890,-1.62,1954,mar,3,1954-3-01,1954,26744.6
891,-0.64,1954,apr,4,1954-4-01,1954,26744.6
892,0.26,1954,may,5,1954-5-01,1954,26744.6
893,0.99,1954,jun,6,1954-6-01,1954,26744.6
894,1.23,1954,jul,7,1954-7-01,1954,26744.6
895,1.13,1954,aug,8,1954-8-01,1954,26744.6
896,0.55,1954,sep,9,1954-9-01,1954,26744.6
897,-0.4,1954,,10,1954-10-01,1954,26744.6
898,-1.39,1954,nov,11,1954-11-01,1954,26744.6
899,-2.37,1954,dec,12,1954-12-01,1954,26744.6
900,-2.27,1955,jan,1,1955-1-01,1955,29264.5
901,-2.32,1955,feb,2,1955-2-01,1955,29264.5
902,-1.81,1955,mar,3,1955-3-01,1955,29264.5
903,-0.68,1955,apr,4,1955-4-01,1955,29264.5
904,0.26,1955,may,5,1955-5-01,1955,29264.5
905,1.04,1955,jun,6,1955-6-01,1955,29264.5
906,1.3,1955,jul,7,1955-7-01,1955,29264.5
907,1.31,1955,aug,8,1955-8-01,1955,29264.5
908,0.54,1955,sep,9,1955-9-01,1955,29264.5
909,-0.41,1955,,10,1955-10-01,1955,29264.5
910,-1.69,1955,nov,11,1955-11-01,1955,29264.5
911,-2.45,1955,dec,12,1955-12-01,1955,29264.5
912,-2.57,1956,jan,1,1956-1-01,1956,31190.1
913,-2.41,1956,feb,2,1956-2-01,1956,31190.1
914,-1.7,1956,mar,3,1956-3-01,1956,31190.1
915,-0.74,1956,apr,4,1956-4-01,1956,31190.1
916,0.16,1956,may,5,1956-5-01,1956,31190.1
917,1.0,1956,jun,6,1956-6-01,1956,31190.1
918,1.3,1956,jul,7,1956-7-01,1956,31190.1
919,1.04,1956,aug,8,1956-8-01,1956,31190.1
920,0.45,1956,sep,9,1956-9-01,1956,31190.1
921,-0.6,1956,,10,1956-10-01,1956,31190.1
922,-1.62,1956,nov,11,1956-11-01,1956,31190.1
923,-2.23,1956,dec,12,1956-12-01,1956,31190.1
924,-2.52,1957,jan,1,1957-1-01,1957,32296.6
925,-2.19,1957,feb,2,1957-2-01,1957,32296.6
926,-1.53,1957,mar,3,1957-3-01,1957,32296.6
927,-0.48,1957,apr,4,1957-4-01,1957,32296.6
928,0.56,1957,may,5,1957-5-01,1957,32296.6
929,1.32,1957,jun,6,1957-6-01,1957,32296.6
930,1.43,1957,jul,7,1957-7-01,1957,32296.6
931,1.45,1957,aug,8,1957-8-01,1957,32296.6
932,0.74,1957,sep,9,1957-9-01,1957,32296.6
933,-0.35,1957,,10,1957-10-01,1957,32296.6
934,-1.39,1957,nov,11,1957-11-01,1957,32296.6
935,-1.99,1957,dec,12,1957-12-01,1957,32296.6
936,-2.02,1958,jan,1,1958-1-01,1958,33117.3
937,-1.91,1958,feb,2,1958-2-01,1958,33117.3
938,-1.36,1958,mar,3,1958-3-01,1958,33117.3
939,-0.44,1958,apr,4,1958-4-01,1958,33117.3
940,0.54,1958,may,5,1958-5-01,1958,33117.3
941,1.09,1958,jun,6,1958-6-01,1958,33117.3
942,1.47,1958,jul,7,1958-7-01,1958,33117.3
943,1.27,1958,aug,8,1958-8-01,1958,33117.3
944,0.63,1958,sep,9,1958-9-01,1958,33117.3
945,-0.32,1958,,10,1958-10-01,1958,33117.3
946,-1.43,1958,nov,11,1958-11-01,1958,33117.3
947,-2.15,1958,dec,12,1958-12-01,1958,33117.3
948,-2.33,1959,jan,1,1959-1-01,1959,34633.7
949,-2.06,1959,feb,2,1959-2-01,1959,34633.7
950,-1.29,1959,mar,3,1959-3-01,1959,34633.7
951,-0.34,1959,apr,4,1959-4-01,1959,34633.7
952,0.51,1959,may,5,1959-5-01,1959,34633.7
953,1.18,1959,jun,6,1959-6-01,1959,34633.7
954,1.48,1959,jul,7,1959-7-01,1959,34633.7
955,1.29,1959,aug,8,1959-8-01,1959,34633.7
956,0.59,1959,sep,9,1959-9-01,1959,34633.7
957,-0.45,1959,,10,1959-10-01,1959,34633.7
958,-1.54,1959,nov,11,1959-11-01,1959,34633.7
959,-2.16,1959,dec,12,1959-12-01,1959,34633.7
960,-2.42,1960,jan,1,1960-1-01,1960,36787.3
961,-1.99,1960,feb,2,1960-2-01,1960,36787.3
962,-1.81,1960,mar,3,1960-3-01,1960,36787.3
963,-0.61,1960,apr,4,1960-4-01,1960,36787.3
964,0.4,1960,may,5,1960-5-01,1960,36787.3
965,1.12,1960,jun,6,1960-6-01,1960,36787.3
966,1.39,1960,jul,7,1960-7-01,1960,36787.3
967,1.31,1960,aug,8,1960-8-01,1960,36787.3
968,0.72,1960,sep,9,1960-9-01,1960,36787.3
969,-0.29,1960,,10,1960-10-01,1960,36787.3
970,-1.57,1960,nov,11,1960-11-01,1960,36787.3
971,-1.97,1960,dec,12,1960-12-01,1960,36787.3
972,-2.34,1961,jan,1,1961-1-01,1961,37223.0
973,-1.96,1961,feb,2,1961-2-01,1961,37223.0
974,-1.38,1961,mar,3,1961-3-01,1961,37223.0
975,-0.35,1961,apr,4,1961-4-01,1961,37223.0
976,0.58,1961,may,5,1961-5-01,1961,37223.0
977,1.27,1961,jun,6,1961-6-01,1961,37223.0
978,1.42,1961,jul,7,1961-7-01,1961,37223.0
979,1.33,1961,aug,8,1961-8-01,1961,37223.0
980,0.72,1961,sep,9,1961-9-01,1961,37223.0
981,-0.36,1961,,10,1961-10-01,1961,37223.0
982,-1.42,1961,nov,11,1961-11-01,1961,37223.0
983,-2.3,1961,dec,12,1961-12-01,1961,37223.0
984,-2.34,1962,jan,1,1962-1-01,1962,38731.7
985,-2.01,1962,feb,2,1962-2-01,1962,38731.7
986,-1.35,1962,mar,3,1962-3-01,1962,38731.7
987,-0.43,1962,apr,4,1962-4-01,1962,38731.7
988,0.43,1962,may,5,1962-5-01,1962,38731.7
989,1.2,1962,jun,6,1962-6-01,1962,38731.7
990,1.44,1962,jul,7,1962-7-01,1962,38731.7
991,1.29,1962,aug,8,1962-8-01,1962,38731.7
992,0.66,1962,sep,9,1962-9-01,1962,38731.7
993,-0.36,1962,,10,1962-10-01,1962,38731.7
994,-1.38,1962,nov,11,1962-11-01,1962,38731.7
995,-2.15,1962,dec,12,1962-12-01,1962,38731.7
996,-2.43,1963,jan,1,1963-1-01,1963,40905.9
997,-1.95,1963,feb,2,1963-2-01,1963,40905.9
998,-1.61,1963,mar,3,1963-3-01,1963,40905.9
999,-0.53,1963,apr,4,1963-4-01,1963,40905.9
1000,0.43,1963,may,5,1963-5-01,1963,40905.9
1001,1.21,1963,jun,6,1963-6-01,1963,40905.9
1002,1.5,1963,jul,7,1963-7-01,1963,40905.9
1003,1.57,1963,aug,8,1963-8-01,1963,40905.9
1004,0.85,1963,sep,9,1963-9-01,1963,40905.9
1005,-0.21,1963,,10,1963-10-01,1963,40905.9
1006,-1.3,1963,nov,11,1963-11-01,1963,40905.9
1007,-2.16,1963,dec,12,1963-12-01,1963,40905.9
1008,-2.49,1964,jan,1,1964-1-01,1964,43134.2
1009,-2.28,1964,feb,2,1964-2-01,1964,43134.2
1010,-1.7,1964,mar,3,1964-3-01,1964,43134.2
1011,-0.78,1964,apr,4,1964-4-01,1964,43134.2
1012,0.22,1964,may,5,1964-5-01,1964,43134.2
1013,1.14,1964,jun,6,1964-6-01,1964,43134.2
1014,1.39,1964,jul,7,1964-7-01,1964,43134.2
1015,1.09,1964,aug,8,1964-8-01,1964,43134.2
1016,0.36,1964,sep,9,1964-9-01,1964,43134.2
1017,-0.67,1964,,10,1964-10-01,1964,43134.2
1018,-1.66,1964,nov,11,1964-11-01,1964,43134.2
1019,-2.45,1964,dec,12,1964-12-01,1964,43134.2
1020,-2.49,1965,jan,1,1965-1-01,1965,44979.4
1021,-2.32,1965,feb,2,1965-2-01,1965,44979.4
1022,-1.58,1965,mar,3,1965-3-01,1965,44979.4
1023,-0.66,1965,apr,4,1965-4-01,1965,44979.4
1024,0.33,1965,may,5,1965-5-01,1965,44979.4
1025,1.07,1965,jun,6,1965-6-01,1965,44979.4
1026,1.3,1965,jul,7,1965-7-01,1965,44979.4
1027,1.27,1965,aug,8,1965-8-01,1965,44979.4
1028,0.49,1965,sep,9,1965-9-01,1965,44979.4
1029,-0.41,1965,,10,1965-10-01,1965,44979.4
1030,-1.52,1965,nov,11,1965-11-01,1965,44979.4
1031,-2.21,1965,dec,12,1965-12-01,1965,44979.4
1032,-2.58,1966,jan,1,1966-1-01,1966,47047.0
1033,-2.16,1966,feb,2,1966-2-01,1966,47047.0
1034,-1.42,1966,mar,3,1966-3-01,1966,47047.0
1035,-0.59,1966,apr,4,1966-4-01,1966,47047.0
1036,0.36,1966,may,5,1966-5-01,1966,47047.0
1037,1.17,1966,jun,6,1966-6-01,1966,47047.0
1038,1.51,1966,jul,7,1966-7-01,1966,47047.0
1039,1.22,1966,aug,8,1966-8-01,1966,47047.0
1040,0.63,1966,sep,9,1966-9-01,1966,47047.0
1041,-0.51,1966,,10,1966-10-01,1966,47047.0
1042,-1.47,1966,nov,11,1966-11-01,1966,47047.0
1043,-2.21,1966,dec,12,1966-12-01,1966,47047.0
1044,-2.47,1967,jan,1,1967-1-01,1967,48536.5
1045,-2.36,1967,feb,2,1967-2-01,1967,48536.5
1046,-1.43,1967,mar,3,1967-3-01,1967,48536.5
1047,-0.52,1967,apr,4,1967-4-01,1967,48536.5
1048,0.61,1967,may,5,1967-5-01,1967,48536.5
1049,1.08,1967,jun,6,1967-6-01,1967,48536.5
1050,1.43,1967,jul,7,1967-7-01,1967,48536.5
1051,1.31,1967,aug,8,1967-8-01,1967,48536.5
1052,0.59,1967,sep,9,1967-9-01,1967,48536.5
1053,-0.28,1967,,10,1967-10-01,1967,48536.5
1054,-1.52,1967,nov,11,1967-11-01,1967,48536.5
1055,-2.18,1967,dec,12,1967-12-01,1967,48536.5
1056,-2.66,1968,jan,1,1968-1-01,1968,51174.9
1057,-2.3,1968,feb,2,1968-2-01,1968,51174.9
1058,-1.27,1968,mar,3,1968-3-01,1968,51174.9
1059,-0.53,1968,apr,4,1968-4-01,1968,51174.9
1060,0.34,1968,may,5,1968-5-01,1968,51174.9
1061,1.08,1968,jun,6,1968-6-01,1968,51174.9
1062,1.3,1968,jul,7,1968-7-01,1968,51174.9
1063,1.21,1968,aug,8,1968-8-01,1968,51174.9
1064,0.47,1968,sep,9,1968-9-01,1968,51174.9
1065,-0.26,1968,,10,1968-10-01,1968,51174.9
1066,-1.48,1968,nov,11,1968-11-01,1968,51174.9
1067,-2.28,1968,dec,12,1968-12-01,1968,51174.9
1068,-2.52,1969,jan,1,1969-1-01,1969,54504.0
1069,-2.29,1969,feb,2,1969-2-01,1969,54504.0
1070,-1.46,1969,mar,3,1969-3-01,1969,54504.0
1071,-0.29,1969,apr,4,1969-4-01,1969,54504.0
1072,0.66,1969,may,5,1969-5-01,1969,54504.0
1073,1.21,1969,jun,6,1969-6-01,1969,54504.0
1074,1.4,1969,jul,7,1969-7-01,1969,54504.0
1075,1.33,1969,aug,8,1969-8-01,1969,54504.0
1076,0.74,1969,sep,9,1969-9-01,1969,54504.0
1077,-0.23,1969,,10,1969-10-01,1969,54504.0
1078,-1.32,1969,nov,11,1969-11-01,1969,54504.0
1079,-1.88,1969,dec,12,1969-12-01,1969,54504.0
1080,-2.32,1970,jan,1,1970-1-01,1970,58698.5
1081,-1.93,1970,feb,2,1970-2-01,1970,58698.5
1082,-1.39,1970,mar,3,1970-3-01,1970,58698.5
1083,-0.38,1970,apr,4,1970-4-01,1970,58698.5
1084,0.43,1970,may,5,1970-5-01,1970,58698.5
1085,1.14,1970,jun,6,1970-6-01,1970,58698.5
1086,1.4,1970,jul,7,1970-7-01,1970,58698.5
1087,1.21,1970,aug,8,1970-8-01,1970,58698.5
1088,0.76,1970,sep,9,1970-9-01,1970,58698.5
1089,-0.3,1970,,10,1970-10-01,1970,58698.5
1090,-1.43,1970,nov,11,1970-11-01,1970,58698.5
1091,-2.27,1970,dec,12,1970-12-01,1970,58698.5
1092,-2.43,1971,jan,1,1971-1-01,1971,61092.5
1093,-2.35,1971,feb,2,1971-2-01,1971,61092.5
1094,-1.64,1971,mar,3,1971-3-01,1971,61092.5
1095,-0.55,1971,apr,4,1971-4-01,1971,61092.5
1096,0.42,1971,may,5,1971-5-01,1971,61092.5
1097,0.97,1971,jun,6,1971-6-01,1971,61092.5
1098,1.31,1971,jul,7,1971-7-01,1971,61092.5
1099,1.27,1971,aug,8,1971-8-01,1971,61092.5
1100,0.61,1971,sep,9,1971-9-01,1971,61092.5
1101,-0.42,1971,,10,1971-10-01,1971,61092.5
1102,-1.5,1971,nov,11,1971-11-01,1971,61092.5
1103,-2.24,1971,dec,12,1971-12-01,1971,61092.5
1104,-2.65,1972,jan,1,1972-1-01,1972,63821.1
1105,-2.32,1972,feb,2,1972-2-01,1972,63821.1
1106,-1.45,1972,mar,3,1972-3-01,1972,63821.1
1107,-0.47,1972,apr,4,1972-4-01,1972,63821.1
1108,0.43,1972,may,5,1972-5-01,1972,63821.1
1109,1.22,1972,jun,6,1972-6-01,1972,63821.1
1110,1.43,1972,jul,7,1972-7-01,1972,63821.1
1111,1.47,1972,aug,8,1972-8-01,1972,63821.1
1112,0.67,1972,sep,9,1972-9-01,1972,63821.1
1113,-0.27,1972,,10,1972-10-01,1972,63821.1
1114,-1.41,1972,nov,11,1972-11-01,1972,63821.1
1115,-1.95,1972,dec,12,1972-12-01,1972,63821.1
1116,-2.12,1973,jan,1,1973-1-01,1973,67163.4
1117,-1.84,1973,feb,2,1973-2-01,1973,67163.4
1118,-1.2,1973,mar,3,1973-3-01,1973,67163.4
1119,-0.21,1973,apr,4,1973-4-01,1973,67163.4
1120,0.73,1973,may,5,1973-5-01,1973,67163.4
1121,1.34,1973,jun,6,1973-6-01,1973,67163.4
1122,1.52,1973,jul,7,1973-7-01,1973,67163.4
1123,1.33,1973,aug,8,1973-8-01,1973,67163.4
1124,0.75,1973,sep,9,1973-9-01,1973,67163.4
1125,-0.22,1973,,10,1973-10-01,1973,67163.4
1126,-1.39,1973,nov,11,1973-11-01,1973,67163.4
1127,-2.21,1973,dec,12,1973-12-01,1973,67163.4
1128,-2.56,1974,jan,1,1974-1-01,1974,67081.3
1129,-2.43,1974,feb,2,1974-2-01,1974,67081.3
1130,-1.52,1974,mar,3,1974-3-01,1974,67081.3
1131,-0.58,1974,apr,4,1974-4-01,1974,67081.3
1132,0.45,1974,may,5,1974-5-01,1974,67081.3
1133,1.1,1974,jun,6,1974-6-01,1974,67081.3
1134,1.38,1974,jul,7,1974-7-01,1974,67081.3
1135,1.41,1974,aug,8,1974-8-01,1974,67081.3
1136,0.54,1974,sep,9,1974-9-01,1974,67081.3
1137,-0.44,1974,,10,1974-10-01,1974,67081.3
1138,-1.52,1974,nov,11,1974-11-01,1974,67081.3
1139,-2.24,1974,dec,12,1974-12-01,1974,67081.3
1140,-2.34,1975,jan,1,1975-1-01,1975,67323.8
1141,-2.08,1975,feb,2,1975-2-01,1975,67323.8
1142,-1.34,1975,mar,3,1975-3-01,1975,67323.8
1143,-0.42,1975,apr,4,1975-4-01,1975,67323.8
1144,0.63,1975,may,5,1975-5-01,1975,67323.8
1145,1.17,1975,jun,6,1975-6-01,1975,67323.8
1146,1.41,1975,jul,7,1975-7-01,1975,67323.8
1147,1.11,1975,aug,8,1975-8-01,1975,67323.8
1148,0.62,1975,sep,9,1975-9-01,1975,67323.8
1149,-0.45,1975,,10,1975-10-01,1975,67323.8
1150,-1.61,1975,nov,11,1975-11-01,1975,67323.8
1151,-2.32,1975,dec,12,1975-12-01,1975,67323.8
1152,-2.42,1976,jan,1,1976-1-01,1976,71104.7
1153,-2.21,1976,feb,2,1976-2-01,1976,71104.7
1154,-1.68,1976,mar,3,1976-3-01,1976,71104.7
1155,-0.55,1976,apr,4,1976-4-01,1976,71104.7
1156,0.23,1976,may,5,1976-5-01,1976,71104.7
1157,1.0,1976,jun,6,1976-6-01,1976,71104.7
1158,1.32,1976,jul,7,1976-7-01,1976,71104.7
1159,1.16,1976,aug,8,1976-8-01,1976,71104.7
1160,0.56,1976,sep,9,1976-9-01,1976,71104.7
1161,-0.62,1976,,10,1976-10-01,1976,71104.7
1162,-1.49,1976,nov,11,1976-11-01,1976,71104.7
1163,-2.05,1976,dec,12,1976-12-01,1976,71104.7
1164,-2.22,1977,jan,1,1977-1-01,1977,72869.5
1165,-1.93,1977,feb,2,1977-2-01,1977,72869.5
1166,-1.22,1977,mar,3,1977-3-01,1977,72869.5
1167,-0.19,1977,apr,4,1977-4-01,1977,72869.5
1168,0.77,1977,may,5,1977-5-01,1977,72869.5
1169,1.4,1977,jun,6,1977-6-01,1977,72869.5
1170,1.62,1977,jul,7,1977-7-01,1977,72869.5
1171,1.46,1977,aug,8,1977-8-01,1977,72869.5
1172,0.65,1977,sep,9,1977-9-01,1977,72869.5
1173,-0.34,1977,,10,1977-10-01,1977,72869.5
1174,-1.28,1977,nov,11,1977-11-01,1977,72869.5
1175,-2.13,1977,dec,12,1977-12-01,1977,72869.5
1176,-2.35,1978,jan,1,1978-1-01,1978,75107.6
1177,-2.01,1978,feb,2,1978-2-01,1978,75107.6
1178,-1.26,1978,mar,3,1978-3-01,1978,75107.6
1179,-0.32,1978,apr,4,1978-4-01,1978,75107.6
1180,0.53,1978,may,5,1978-5-01,1978,75107.6
1181,1.14,1978,jun,6,1978-6-01,1978,75107.6
1182,1.45,1978,jul,7,1978-7-01,1978,75107.6
1183,1.13,1978,aug,8,1978-8-01,1978,75107.6
1184,0.7,1978,sep,9,1978-9-01,1978,75107.6
1185,-0.36,1978,,10,1978-10-01,1978,75107.6
1186,-1.29,1978,nov,11,1978-11-01,1978,75107.6
1187,-2.05,1978,dec,12,1978-12-01,1978,75107.6
1188,-2.29,1979,jan,1,1979-1-01,1979,77268.9
1189,-2.26,1979,feb,2,1979-2-01,1979,77268.9
1190,-1.29,1979,mar,3,1979-3-01,1979,77268.9
1191,-0.34,1979,apr,4,1979-4-01,1979,77268.9
1192,0.52,1979,may,5,1979-5-01,1979,77268.9
1193,1.29,1979,jun,6,1979-6-01,1979,77268.9
1194,1.44,1979,jul,7,1979-7-01,1979,77268.9
1195,1.44,1979,aug,8,1979-8-01,1979,77268.9
1196,0.9,1979,sep,9,1979-9-01,1979,77268.9
1197,-0.12,1979,,10,1979-10-01,1979,77268.9
1198,-1.17,1979,nov,11,1979-11-01,1979,77268.9
1199,-1.68,1979,dec,12,1979-12-01,1979,77268.9
1200,-2.11,1980,jan,1,1980-1-01,1980,76976.5
1201,-1.73,1980,feb,2,1980-2-01,1980,76976.5
1202,-1.17,1980,mar,3,1980-3-01,1980,76976.5
1203,-0.14,1980,apr,4,1980-4-01,1980,76976.5
1204,0.83,1980,may,5,1980-5-01,1980,76976.5
1205,1.33,1980,jun,6,1980-6-01,1980,76976.5
1206,1.7,1980,jul,7,1980-7-01,1980,76976.5
1207,1.53,1980,aug,8,1980-8-01,1980,76976.5
1208,0.84,1980,sep,9,1980-9-01,1980,76976.5
1209,-0.18,1980,,10,1980-10-01,1980,76976.5
1210,-1.16,1980,nov,11,1980-11-01,1980,76976.5
1211,-1.95,1980,dec,12,1980-12-01,1980,76976.5
1212,-1.86,1981,jan,1,1981-1-01,1981,75014.3
1213,-1.74,1981,feb,2,1981-2-01,1981,75014.3
1214,-0.98,1981,mar,3,1981-3-01,1981,75014.3
1215,-0.15,1981,apr,4,1981-4-01,1981,75014.3
1216,0.71,1981,may,5,1981-5-01,1981,75014.3
1217,1.48,1981,jun,6,1981-6-01,1981,75014.3
1218,1.76,1981,jul,7,1981-7-01,1981,75014.3
1219,1.62,1981,aug,8,1981-8-01,1981,75014.3
1220,0.82,1981,sep,9,1981-9-01,1981,75014.3
1221,-0.22,1981,,10,1981-10-01,1981,75014.3
1222,-1.21,1981,nov,11,1981-11-01,1981,75014.3
1223,-1.72,1981,dec,12,1981-12-01,1981,75014.3
1224,-2.31,1982,jan,1,1982-1-01,1982,74497.8
1225,-2.0,1982,feb,2,1982-2-01,1982,74497.8
1226,-1.48,1982,mar,3,1982-3-01,1982,74497.8
1227,-0.37,1982,apr,4,1982-4-01,1982,74497.8
1228,0.62,1982,may,5,1982-5-01,1982,74497.8
1229,1.21,1982,jun,6,1982-6-01,1982,74497.8
1230,1.55,1982,jul,7,1982-7-01,1982,74497.8
1231,1.37,1982,aug,8,1982-8-01,1982,74497.8
1232,0.79,1982,sep,9,1982-9-01,1982,74497.8
1233,-0.23,1982,,10,1982-10-01,1982,74497.8
1234,-1.3,1982,nov,11,1982-11-01,1982,74497.8
1235,-1.72,1982,dec,12,1982-12-01,1982,74497.8
1236,-1.89,1983,jan,1,1983-1-01,1983,74918.7
1237,-1.74,1983,feb,2,1983-2-01,1983,74918.7
1238,-1.04,1983,mar,3,1983-3-01,1983,74918.7
1239,-0.16,1983,apr,4,1983-4-01,1983,74918.7
1240,0.83,1983,may,5,1983-5-01,1983,74918.7
1241,1.36,1983,jun,6,1983-6-01,1983,74918.7
1242,1.6,1983,jul,7,1983-7-01,1983,74918.7
1243,1.63,1983,aug,8,1983-8-01,1983,74918.7
1244,1.04,1983,sep,9,1983-9-01,1983,74918.7
1245,-0.2,1983,,10,1983-10-01,1983,74918.7
1246,-1.13,1983,nov,11,1983-11-01,1983,74918.7
1247,-1.98,1983,dec,12,1983-12-01,1983,74918.7
1248,-2.11,1984,jan,1,1984-1-01,1984,77135.7
1249,-1.98,1984,feb,2,1984-2-01,1984,77135.7
1250,-1.18,1984,mar,3,1984-3-01,1984,77135.7
1251,-0.39,1984,apr,4,1984-4-01,1984,77135.7
1252,0.8,1984,may,5,1984-5-01,1984,77135.7
1253,1.21,1984,jun,6,1984-6-01,1984,77135.7
1254,1.59,1984,jul,7,1984-7-01,1984,77135.7
1255,1.46,1984,aug,8,1984-8-01,1984,77135.7
1256,0.86,1984,sep,9,1984-9-01,1984,77135.7
1257,-0.2,1984,,10,1984-10-01,1984,77135.7
1258,-1.39,1984,nov,11,1984-11-01,1984,77135.7
1259,-2.2,1984,dec,12,1984-12-01,1984,77135.7
1260,-2.19,1985,jan,1,1985-1-01,1985,79876.9
1261,-2.21,1985,feb,2,1985-2-01,1985,79876.9
1262,-1.3,1985,mar,3,1985-3-01,1985,79876.9
1263,-0.36,1985,apr,4,1985-4-01,1985,79876.9
1264,0.64,1985,may,5,1985-5-01,1985,79876.9
1265,1.34,1985,jun,6,1985-6-01,1985,79876.9
1266,1.41,1985,jul,7,1985-7-01,1985,79876.9
1267,1.45,1985,aug,8,1985-8-01,1985,79876.9
1268,0.8,1985,sep,9,1985-9-01,1985,79876.9
1269,-0.25,1985,,10,1985-10-01,1985,79876.9
1270,-1.37,1985,nov,11,1985-11-01,1985,79876.9
1271,-2.0,1985,dec,12,1985-12-01,1985,79876.9
1272,-2.13,1986,jan,1,1986-1-01,1986,80843.8
1273,-1.76,1986,feb,2,1986-2-01,1986,80843.8
1274,-1.2,1986,mar,3,1986-3-01,1986,80843.8
1275,-0.23,1986,apr,4,1986-4-01,1986,80843.8
1276,0.71,1986,may,5,1986-5-01,1986,80843.8
1277,1.27,1986,jun,6,1986-6-01,1986,80843.8
1278,1.53,1986,jul,7,1986-7-01,1986,80843.8
1279,1.42,1986,aug,8,1986-8-01,1986,80843.8
1280,0.65,1986,sep,9,1986-9-01,1986,80843.8
1281,-0.23,1986,,10,1986-10-01,1986,80843.8
1282,-1.34,1986,nov,11,1986-11-01,1986,80843.8
1283,-1.99,1986,dec,12,1986-12-01,1986,80843.8
1284,-2.05,1987,jan,1,1987-1-01,1987,82788.0
1285,-1.69,1987,feb,2,1987-2-01,1987,82788.0
1286,-1.31,1987,mar,3,1987-3-01,1987,82788.0
1287,-0.25,1987,apr,4,1987-4-01,1987,82788.0
1288,0.72,1987,may,5,1987-5-01,1987,82788.0
1289,1.53,1987,jun,6,1987-6-01,1987,82788.0
1290,1.87,1987,jul,7,1987-7-01,1987,82788.0
1291,1.58,1987,aug,8,1987-8-01,1987,82788.0
1292,1.04,1987,sep,9,1987-9-01,1987,82788.0
1293,-0.04,1987,,10,1987-10-01,1987,82788.0
1294,-1.2,1987,nov,11,1987-11-01,1987,82788.0
1295,-1.67,1987,dec,12,1987-12-01,1987,82788.0
1296,-1.83,1988,jan,1,1988-1-01,1988,85631.2
1297,-1.72,1988,feb,2,1988-2-01,1988,85631.2
1298,-0.96,1988,mar,3,1988-3-01,1988,85631.2
1299,-0.02,1988,apr,4,1988-4-01,1988,85631.2
1300,0.9,1988,may,5,1988-5-01,1988,85631.2
1301,1.59,1988,jun,6,1988-6-01,1988,85631.2
1302,1.76,1988,jul,7,1988-7-01,1988,85631.2
1303,1.77,1988,aug,8,1988-8-01,1988,85631.2
1304,1.06,1988,sep,9,1988-9-01,1988,85631.2
1305,0.03,1988,,10,1988-10-01,1988,85631.2
1306,-1.33,1988,nov,11,1988-11-01,1988,85631.2
1307,-1.82,1988,dec,12,1988-12-01,1988,85631.2
1308,-2.26,1989,jan,1,1989-1-01,1989,86621.8
1309,-1.8,1989,feb,2,1989-2-01,1989,86621.8
1310,-1.11,1989,mar,3,1989-3-01,1989,86621.8
1311,-0.14,1989,apr,4,1989-4-01,1989,86621.8
1312,0.63,1989,may,5,1989-5-01,1989,86621.8
1313,1.3,1989,jun,6,1989-6-01,1989,86621.8
1314,1.76,1989,jul,7,1989-7-01,1989,86621.8
1315,1.67,1989,aug,8,1989-8-01,1989,86621.8
1316,1.02,1989,sep,9,1989-9-01,1989,86621.8
1317,-0.04,1989,,10,1989-10-01,1989,86621.8
1318,-1.25,1989,nov,11,1989-11-01,1989,86621.8
1319,-1.77,1989,dec,12,1989-12-01,1989,86621.8
1320,-2.0,1990,jan,1,1990-1-01,1990,88194.8
1321,-1.74,1990,feb,2,1990-2-01,1990,88194.8
1322,-0.7,1990,mar,3,1990-3-01,1990,88194.8
1323,0.08,1990,apr,4,1990-4-01,1990,88194.8
1324,0.93,1990,may,5,1990-5-01,1990,88194.8
1325,1.54,1990,jun,6,1990-6-01,1990,88194.8
1326,1.85,1990,jul,7,1990-7-01,1990,88194.8
1327,1.61,1990,aug,8,1990-8-01,1990,88194.8
1328,0.94,1990,sep,9,1990-9-01,1990,88194.8
1329,0.05,1990,,10,1990-10-01,1990,88194.8
1330,-0.99,1990,nov,11,1990-11-01,1990,88194.8
1331,-1.74,1990,dec,12,1990-12-01,1990,88194.8
1332,-2.0,1991,jan,1,1991-1-01,1991,88759.5
1333,-1.66,1991,feb,2,1991-2-01,1991,88759.5
1334,-1.12,1991,mar,3,1991-3-01,1991,88759.5
1335,0.05,1991,apr,4,1991-4-01,1991,88759.5
1336,0.85,1991,may,5,1991-5-01,1991,88759.5
1337,1.69,1991,jun,6,1991-6-01,1991,88759.5
1338,1.9,1991,jul,7,1991-7-01,1991,88759.5
1339,1.7,1991,aug,8,1991-8-01,1991,88759.5
1340,1.13,1991,sep,9,1991-9-01,1991,88759.5
1341,-0.06,1991,,10,1991-10-01,1991,88759.5
1342,-1.14,1991,nov,11,1991-11-01,1991,88759.5
1343,-1.83,1991,dec,12,1991-12-01,1991,88759.5
1344,-1.97,1992,jan,1,1992-1-01,1992,86107.5
1345,-1.73,1992,feb,2,1992-2-01,1992,86107.5
1346,-0.99,1992,mar,3,1992-3-01,1992,86107.5
1347,-0.23,1992,apr,4,1992-4-01,1992,86107.5
1348,0.79,1992,may,5,1992-5-01,1992,86107.5
1349,1.41,1992,jun,6,1992-6-01,1992,86107.5
1350,1.54,1992,jul,7,1992-7-01,1992,86107.5
1351,1.37,1992,aug,8,1992-8-01,1992,86107.5
1352,0.65,1992,sep,9,1992-9-01,1992,86107.5
1353,-0.27,1992,,10,1992-10-01,1992,86107.5
1354,-1.42,1992,nov,11,1992-11-01,1992,86107.5
1355,-1.93,1992,dec,12,1992-12-01,1992,86107.5
1356,-2.04,1993,jan,1,1993-1-01,1993,86353.2
1357,-1.76,1993,feb,2,1993-2-01,1993,86353.2
1358,-1.11,1993,mar,3,1993-3-01,1993,86353.2
1359,-0.2,1993,apr,4,1993-4-01,1993,86353.2
1360,0.74,1993,may,5,1993-5-01,1993,86353.2
1361,1.41,1993,jun,6,1993-6-01,1993,86353.2
1362,1.7,1993,jul,7,1993-7-01,1993,86353.2
1363,1.43,1993,aug,8,1993-8-01,1993,86353.2
1364,0.75,1993,sep,9,1993-9-01,1993,86353.2
1365,-0.14,1993,,10,1993-10-01,1993,86353.2
1366,-1.39,1993,nov,11,1993-11-01,1993,86353.2
1367,-1.99,1993,dec,12,1993-12-01,1993,86353.2
1368,-2.14,1994,jan,1,1994-1-01,1994,86236.3
1369,-2.13,1994,feb,2,1994-2-01,1994,86236.3
1370,-1.2,1994,mar,3,1994-3-01,1994,86236.3
1371,-0.07,1994,apr,4,1994-4-01,1994,86236.3
1372,0.75,1994,may,5,1994-5-01,1994,86236.3
1373,1.58,1994,jun,6,1994-6-01,1994,86236.3
1374,1.72,1994,jul,7,1994-7-01,1994,86236.3
1375,1.51,1994,aug,8,1994-8-01,1994,86236.3
1376,0.94,1994,sep,9,1994-9-01,1994,86236.3
1377,0.05,1994,,10,1994-10-01,1994,86236.3
1378,-0.99,1994,nov,11,1994-11-01,1994,86236.3
1379,-1.79,1994,dec,12,1994-12-01,1994,86236.3
1380,-1.9,1995,jan,1,1995-1-01,1995,87648.4
1381,-1.37,1995,feb,2,1995-2-01,1995,87648.4
1382,-1.02,1995,mar,3,1995-3-01,1995,87648.4
1383,-0.0,1995,apr,4,1995-4-01,1995,87648.4
1384,0.73,1995,may,5,1995-5-01,1995,87648.4
1385,1.57,1995,jun,6,1995-6-01,1995,87648.4
1386,1.9,1995,jul,7,1995-7-01,1995,87648.4
1387,1.76,1995,aug,8,1995-8-01,1995,87648.4
1388,0.97,1995,sep,9,1995-9-01,1995,87648.4
1389,0.11,1995,,10,1995-10-01,1995,87648.4
1390,-1.0,1995,nov,11,1995-11-01,1995,87648.4
1391,-1.87,1995,dec,12,1995-12-01,1995,87648.4
1392,-2.16,1996,jan,1,1996-1-01,1996,89953.6
1393,-1.67,1996,feb,2,1996-2-01,1996,89953.6
1394,-1.15,1996,mar,3,1996-3-01,1996,89953.6
1395,-0.11,1996,apr,4,1996-4-01,1996,89953.6
1396,0.74,1996,may,5,1996-5-01,1996,89953.6
1397,1.41,1996,jun,6,1996-6-01,1996,89953.6
1398,1.77,1996,jul,7,1996-7-01,1996,89953.6
1399,1.79,1996,aug,8,1996-8-01,1996,89953.6
1400,0.9,1996,sep,9,1996-9-01,1996,89953.6
1401,-0.17,1996,,10,1996-10-01,1996,89953.6
1402,-1.04,1996,nov,11,1996-11-01,1996,89953.6
1403,-1.75,1996,dec,12,1996-12-01,1996,89953.6
1404,-2.1,1997,jan,1,1997-1-01,1997,90055.5
1405,-1.77,1997,feb,2,1997-2-01,1997,90055.5
1406,-0.94,1997,mar,3,1997-3-01,1997,90055.5
1407,-0.11,1997,apr,4,1997-4-01,1997,90055.5
1408,0.83,1997,may,5,1997-5-01,1997,90055.5
1409,1.69,1997,jun,6,1997-6-01,1997,90055.5
1410,1.77,1997,jul,7,1997-7-01,1997,90055.5
1411,1.71,1997,aug,8,1997-8-01,1997,90055.5
1412,1.18,1997,sep,9,1997-9-01,1997,90055.5
1413,0.26,1997,,10,1997-10-01,1997,90055.5
1414,-0.8,1997,nov,11,1997-11-01,1997,90055.5
1415,-1.56,1997,dec,12,1997-12-01,1997,90055.5
1416,-1.81,1998,jan,1,1998-1-01,1998,89566.1
1417,-1.25,1998,feb,2,1998-2-01,1998,89566.1
1418,-0.84,1998,mar,3,1998-3-01,1998,89566.1
1419,0.16,1998,apr,4,1998-4-01,1998,89566.1
1420,1.16,1998,may,5,1998-5-01,1998,89566.1
1421,1.93,1998,jun,6,1998-6-01,1998,89566.1
1422,2.1,1998,jul,7,1998-7-01,1998,89566.1
1423,1.96,1998,aug,8,1998-8-01,1998,89566.1
1424,1.07,1998,sep,9,1998-9-01,1998,89566.1
1425,0.08,1998,,10,1998-10-01,1998,89566.1
1426,-0.96,1998,nov,11,1998-11-01,1998,89566.1
1427,-1.59,1998,dec,12,1998-12-01,1998,89566.1
1428,-1.93,1999,jan,1,1999-1-01,1999,90524.4
1429,-1.5,1999,feb,2,1999-2-01,1999,90524.4
1430,-1.13,1999,mar,3,1999-3-01,1999,90524.4
1431,-0.15,1999,apr,4,1999-4-01,1999,90524.4
1432,0.78,1999,may,5,1999-5-01,1999,90524.4
1433,1.53,1999,jun,6,1999-6-01,1999,90524.4
1434,1.79,1999,jul,7,1999-7-01,1999,90524.4
1435,1.61,1999,aug,8,1999-8-01,1999,90524.4
1436,1.06,1999,sep,9,1999-9-01,1999,90524.4
1437,0.03,1999,,10,1999-10-01,1999,90524.4
1438,-1.07,1999,nov,11,1999-11-01,1999,90524.4
1439,-1.72,1999,dec,12,1999-12-01,1999,90524.4
1440,-2.18,2000,jan,1,2000-1-01,2000,92998.0
1441,-1.59,2000,feb,2,2000-2-01,2000,92998.0
1442,-0.9,2000,mar,3,2000-3-01,2000,92998.0
1443,0.1,2000,apr,4,2000-4-01,2000,92998.0
1444,0.83,2000,may,5,2000-5-01,2000,92998.0
1445,1.57,2000,jun,6,2000-6-01,2000,92998.0
1446,1.8,2000,jul,7,2000-7-01,2000,92998.0
1447,1.72,2000,aug,8,2000-8-01,2000,92998.0
1448,1.05,2000,sep,9,2000-9-01,2000,92998.0
1449,-0.08,2000,,10,2000-10-01,2000,92998.0
1450,-1.13,2000,nov,11,2000-11-01,2000,92998.0
1451,-1.86,2000,dec,12,2000-12-01,2000,92998.0
1452,-1.99,2001,jan,1,2001-1-01,2001,93999.4
1453,-1.72,2001,feb,2,2001-2-01,2001,93999.4
1454,-0.92,2001,mar,3,2001-3-01,2001,93999.4
1455,0.03,2001,apr,4,2001-4-01,2001,93999.4
1456,1.03,2001,may,5,2001-5-01,2001,93999.4
1457,1.7,2001,jun,6,2001-6-01,2001,93999.4
1458,2.02,2001,jul,7,2001-7-01,2001,93999.4
1459,1.78,2001,aug,8,2001-8-01,2001,93999.4
1460,1.18,2001,sep,9,2001-9-01,2001,93999.4
1461,0.14,2001,,10,2001-10-01,2001,93999.4
1462,-0.76,2001,nov,11,2001-11-01,2001,93999.4
1463,-1.6,2001,dec,12,2001-12-01,2001,93999.4
1464,-1.66,2002,jan,1,2002-1-01,2002,95821.3
1465,-1.4,2002,feb,2,2002-2-01,2002,95821.3
1466,-0.58,2002,mar,3,2002-3-01,2002,95821.3
1467,0.09,2002,apr,4,2002-4-01,2002,95821.3
1468,1.1,2002,may,5,2002-5-01,2002,95821.3
1469,1.71,2002,jun,6,2002-6-01,2002,95821.3
1470,2.03,2002,jul,7,2002-7-01,2002,95821.3
1471,1.83,2002,aug,8,2002-8-01,2002,95821.3
1472,1.27,2002,sep,9,2002-9-01,2002,95821.3
1473,0.19,2002,,10,2002-10-01,2002,95821.3
1474,-0.87,2002,nov,11,2002-11-01,2002,95821.3
1475,-1.72,2002,dec,12,2002-12-01,2002,95821.3
1476,-1.68,2003,jan,1,2003-1-01,2003,100340.4
1477,-1.6,2003,feb,2,2003-2-01,2003,100340.4
1478,-0.9,2003,mar,3,2003-3-01,2003,100340.4
1479,0.06,2003,apr,4,2003-4-01,2003,100340.4
1480,1.07,2003,may,5,2003-5-01,2003,100340.4
1481,1.63,2003,jun,6,2003-6-01,2003,100340.4
1482,1.95,2003,jul,7,2003-7-01,2003,100340.4
1483,1.95,2003,aug,8,2003-8-01,2003,100340.4
1484,1.29,2003,sep,9,2003-9-01,2003,100340.4
1485,0.38,2003,,10,2003-10-01,2003,100340.4
1486,-0.93,2003,nov,11,2003-11-01,2003,100340.4
1487,-1.42,2003,dec,12,2003-12-01,2003,100340.4
1488,-1.83,2004,jan,1,2004-1-01,2004,104330.6
1489,-1.43,2004,feb,2,2004-2-01,2004,104330.6
1490,-0.83,2004,mar,3,2004-3-01,2004,104330.6
1491,0.15,2004,apr,4,2004-4-01,2004,104330.6
1492,0.85,2004,may,5,2004-5-01,2004,104330.6
1493,1.58,2004,jun,6,2004-6-01,2004,104330.6
1494,1.66,2004,jul,7,2004-7-01,2004,104330.6
1495,1.73,2004,aug,8,2004-8-01,2004,104330.6
1496,1.15,2004,sep,9,2004-9-01,2004,104330.6
1497,0.28,2004,,10,2004-10-01,2004,104330.6
1498,-0.75,2004,nov,11,2004-11-01,2004,104330.6
1499,-1.64,2004,dec,12,2004-12-01,2004,104330.6
1500,-1.69,2005,jan,1,2005-1-01,2005,107354.8
1501,-1.58,2005,feb,2,2005-2-01,2005,107354.8
1502,-0.78,2005,mar,3,2005-3-01,2005,107354.8
1503,0.19,2005,apr,4,2005-4-01,2005,107354.8
1504,1.09,2005,may,5,2005-5-01,2005,107354.8
1505,1.82,2005,jun,6,2005-6-01,2005,107354.8
1506,2.05,2005,jul,7,2005-7-01,2005,107354.8
1507,1.9,2005,aug,8,2005-8-01,2005,107354.8
1508,1.39,2005,sep,9,2005-9-01,2005,107354.8
1509,0.39,2005,,10,2005-10-01,2005,107354.8
1510,-0.74,2005,nov,11,2005-11-01,2005,107354.8
1511,-1.5,2005,dec,12,2005-12-01,2005,107354.8
1512,-1.85,2006,jan,1,2006-1-01,2006,110616.4
1513,-1.46,2006,feb,2,2006-2-01,2006,110616.4
1514,-0.85,2006,mar,3,2006-3-01,2006,110616.4
1515,0.03,2006,apr,4,2006-4-01,2006,110616.4
1516,0.93,2006,may,5,2006-5-01,2006,110616.4
1517,1.8,2006,jun,6,2006-6-01,2006,110616.4
1518,1.94,2006,jul,7,2006-7-01,2006,110616.4
1519,2.0,2006,aug,8,2006-8-01,2006,110616.4
1520,1.26,2006,sep,9,2006-9-01,2006,110616.4
1521,0.31,2006,,10,2006-10-01,2006,110616.4
1522,-0.75,2006,nov,11,2006-11-01,2006,110616.4
1523,-1.42,2006,dec,12,2006-12-01,2006,110616.4
1524,-1.46,2007,jan,1,2007-1-01,2007,113346.9
1525,-1.45,2007,feb,2,2007-2-01,2007,113346.9
1526,-0.78,2007,mar,3,2007-3-01,2007,113346.9
1527,0.26,2007,apr,4,2007-4-01,2007,113346.9
1528,1.13,2007,may,5,2007-5-01,2007,113346.9
1529,1.75,2007,jun,6,2007-6-01,2007,113346.9
1530,2.02,2007,jul,7,2007-7-01,2007,113346.9
1531,1.87,2007,aug,8,2007-8-01,2007,113346.9
1532,1.24,2007,sep,9,2007-9-01,2007,113346.9
1533,0.21,2007,,10,2007-10-01,2007,113346.9
1534,-0.91,2007,nov,11,2007-11-01,2007,113346.9
1535,-1.69,2007,dec,12,2007-12-01,2007,113346.9
1536,-2.18,2008,jan,1,2008-1-01,2008,115021.0
1537,-1.81,2008,feb,2,2008-2-01,2008,115021.0
1538,-0.74,2008,mar,3,2008-3-01,2008,115021.0
1539,0.04,2008,apr,4,2008-4-01,2008,115021.0
1540,0.94,2008,may,5,2008-5-01,2008,115021.0
1541,1.62,2008,jun,6,2008-6-01,2008,115021.0
1542,2.01,2008,jul,7,2008-7-01,2008,115021.0
1543,1.74,2008,aug,8,2008-8-01,2008,115021.0
1544,1.27,2008,sep,9,2008-9-01,2008,115021.0
1545,0.27,2008,,10,2008-10-01,2008,115021.0
1546,-0.81,2008,nov,11,2008-11-01,2008,115021.0
1547,-1.62,2008,dec,12,2008-12-01,2008,115021.0
1548,-1.8,2009,jan,1,2009-1-01,2009,112661.1
1549,-1.64,2009,feb,2,2009-2-01,2009,112661.1
1550,-0.95,2009,mar,3,2009-3-01,2009,112661.1
1551,0.11,2009,apr,4,2009-4-01,2009,112661.1
1552,1.11,2009,may,5,2009-5-01,2009,112661.1
1553,1.81,2009,jun,6,2009-6-01,2009,112661.1
1554,2.11,2009,jul,7,2009-7-01,2009,112661.1
1555,1.96,2009,aug,8,2009-8-01,2009,112661.1
1556,1.33,2009,sep,9,2009-9-01,2009,112661.1
1557,0.27,2009,,10,2009-10-01,2009,112661.1
1558,-0.69,2009,nov,11,2009-11-01,2009,112661.1
1559,-1.5,2009,dec,12,2009-12-01,2009,112661.1
1560,-1.68,2010,jan,1,2010-1-01,2010,118593.9
1561,-1.36,2010,feb,2,2010-2-01,2010,118593.9
1562,-0.56,2010,mar,3,2010-3-01,2010,118593.9
1563,0.38,2010,apr,4,2010-4-01,2010,118593.9
1564,1.2,2010,may,5,2010-5-01,2010,118593.9
1565,1.78,2010,jun,6,2010-6-01,2010,118593.9
1566,2.01,2010,jul,7,2010-7-01,2010,118593.9
1567,1.93,2010,aug,8,2010-8-01,2010,118593.9
1568,1.24,2010,sep,9,2010-9-01,2010,118593.9
1569,0.33,2010,,10,2010-10-01,2010,118593.9
1570,-0.68,2010,nov,11,2010-11-01,2010,118593.9
1571,-1.69,2010,dec,12,2010-12-01,2010,118593.9
1572,-1.93,2011,jan,1,2011-1-01,2011,122025.6
1573,-1.64,2011,feb,2,2011-2-01,2011,122025.6
1574,-0.85,2011,mar,3,2011-3-01,2011,122025.6
1575,0.15,2011,apr,4,2011-4-01,2011,122025.6
1576,0.98,2011,may,5,2011-5-01,2011,122025.6
1577,1.73,2011,jun,6,2011-6-01,2011,122025.6
1578,2.13,2011,jul,7,2011-7-01,2011,122025.6
1579,2.01,2011,aug,8,2011-8-01,2011,122025.6
1580,1.19,2011,sep,9,2011-9-01,2011,122025.6
1581,0.27,2011,,10,2011-10-01,2011,122025.6
1582,-0.89,2011,nov,11,2011-11-01,2011,122025.6
1583,-1.62,2011,dec,12,2011-12-01,2011,122025.6
1584,-1.96,2012,jan,1,2012-1-01,2012,123738.5
1585,-1.67,2012,feb,2,2012-2-01,2012,123738.5
1586,-0.91,2012,mar,3,2012-3-01,2012,123738.5
1587,0.21,2012,apr,4,2012-4-01,2012,123738.5
1588,1.22,2012,may,5,2012-5-01,2012,123738.5
1589,1.79,2012,jun,6,2012-6-01,2012,123738.5
1590,1.95,2012,jul,7,2012-7-01,2012,123738.5
1591,1.92,2012,aug,8,2012-8-01,2012,123738.5
1592,1.37,2012,sep,9,2012-9-01,2012,123738.5
1593,0.38,2012,,10,2012-10-01,2012,123738.5
1594,-0.72,2012,nov,11,2012-11-01,2012,123738.5
1595,-1.63,2012,dec,12,2012-12-01,2012,123738.5
1596,-1.74,2013,jan,1,2013-1-01,2013,124342.0
1597,-1.59,2013,feb,2,2013-2-01,2013,124342.0
1598,-0.82,2013,mar,3,2013-3-01,2013,124342.0
1599,0.06,2013,apr,4,2013-4-01,2013,124342.0
1600,1.05,2013,may,5,2013-5-01,2013,124342.0
1601,1.82,2013,jun,6,2013-6-01,2013,124342.0
1602,1.99,2013,jul,7,2013-7-01,2013,124342.0
1603,1.96,2013,aug,8,2013-8-01,2013,124342.0
1604,1.43,2013,sep,9,2013-9-01,2013,124342.0
1605,0.31,2013,,10,2013-10-01,2013,124342.0
1606,-0.67,2013,nov,11,2013-11-01,2013,124342.0
1607,-1.5,2013,dec,12,2013-12-01,2013,124342.0
1608,-1.68,2014,jan,1,2014-1-01,2014,124746.8
1609,-1.63,2014,feb,2,2014-2-01,2014,124746.8
1610,-0.71,2014,mar,3,2014-3-01,2014,124746.8
1611,0.3,2014,apr,4,2014-4-01,2014,124746.8
1612,1.32,2014,may,5,2014-5-01,2014,124746.8
1613,1.82,2014,jun,6,2014-6-01,2014,124746.8
1614,1.98,2014,jul,7,2014-7-01,2014,124746.8
1615,2.11,2014,aug,8,2014-8-01,2014,124746.8
1616,1.53,2014,sep,9,2014-9-01,2014,124746.8
1617,0.45,2014,,10,2014-10-01,2014,124746.8
1618,-0.79,2014,nov,11,2014-11-01,2014,124746.8
1619,-1.38,2014,dec,12,2014-12-01,2014,124746.8
1620,-1.6,2015,jan,1,2015-1-01,2015,124780.5
1621,-1.28,2015,feb,2,2015-2-01,2015,124780.5
1622,-0.57,2015,mar,3,2015-3-01,2015,124780.5
1623,0.28,2015,apr,4,2015-4-01,2015,124780.5
1624,1.22,2015,may,5,2015-5-01,2015,124780.5
1625,1.95,2015,jun,6,2015-6-01,2015,124780.5
1626,2.13,2015,jul,7,2015-7-01,2015,124780.5
1627,2.09,2015,aug,8,2015-8-01,2015,124780.5
1628,1.47,2015,sep,9,2015-9-01,2015,124780.5
1629,0.71,2015,,10,2015-10-01,2015,124780.5
1630,-0.42,2015,nov,11,2015-11-01,2015,124780.5
1631,-1.05,2015,dec,12,2015-12-01,2015,124780.5
1632,-1.26,2016,jan,1,2016-1-01,2016,124705.6
1633,-0.8,2016,feb,2,2016-2-01,2016,124705.6
1634,-0.16,2016,mar,3,2016-3-01,2016,124705.6
1635,0.6,2016,apr,4,2016-4-01,2016,124705.6
1636,1.38,2016,may,5,2016-5-01,2016,124705.6
1637,1.93,2016,jun,6,2016-6-01,2016,124705.6
1638,2.24,2016,jul,7,2016-7-01,2016,124705.6
1639,2.3,2016,aug,8,2016-8-01,2016,124705.6
1640,1.53,2016,sep,9,2016-9-01,2016,124705.6
1641,0.54,2016,,10,2016-10-01,2016,124705.6
1642,-0.54,2016,nov,11,2016-11-01,2016,124705.6
1643,-1.32,2016,dec,12,2016-12-01,2016,124705.6
1644,-1.43,2017,jan,1,2017-1-01,2017,126304.7
1645,-1.02,2017,feb,2,2017-2-01,2017,126304.7
1646,-0.34,2017,mar,3,2017-3-01,2017,126304.7
1647,0.45,2017,apr,4,2017-4-01,2017,126304.7
1648,1.36,2017,may,5,2017-5-01,2017,126304.7
1649,1.86,2017,jun,6,2017-6-01,2017,126304.7
1650,2.24,2017,jul,7,2017-7-01,2017,126304.7
1651,2.17,2017,aug,8,2017-8-01,2017,126304.7
1652,1.41,2017,sep,9,2017-9-01,2017,126304.7
1653,0.52,2017,,10,2017-10-01,2017,126304.7
1654,-0.59,2017,nov,11,2017-11-01,2017,126304.7
1655,-1.26,2017,dec,12,2017-12-01,2017,126304.7
1656,-1.64,2018,jan,1,2018-1-01,2018,128452.5
1657,-1.3,2018,feb,2,2018-2-01,2018,128452.5
1658,-0.56,2018,mar,3,2018-3-01,2018,128452.5
1659,0.4,2018,apr,4,2018-4-01,2018,128452.5
1660,1.28,2018,may,5,2018-5-01,2018,128452.5
1661,1.9,2018,jun,6,2018-6-01,2018,128452.5
1662,2.2,2018,jul,7,2018-7-01,2018,128452.5
1663,2.03,2018,aug,8,2018-8-01,2018,128452.5
1664,1.41,2018,sep,9,2018-9-01,2018,128452.5
1665,0.63,2018,,10,2018-10-01,2018,128452.5
1666,-0.67,2018,nov,11,2018-11-01,2018,128452.5
1667,-1.26,2018,dec,12,2018-12-01,2018,128452.5
1668,-1.54,2019,jan,1,2019-1-01,2019,128422.9
1669,-1.23,2019,feb,2,2019-2-01,2019,128422.9
1670,-0.36,2019,mar,3,2019-3-01,2019,128422.9
1671,0.5,2019,apr,4,2019-4-01,2019,128422.9
1672,1.32,2019,may,5,2019-5-01,2019,128422.9
1673,2.02,2019,jun,6,2019-6-01,2019,128422.9
1674,2.32,2019,jul,7,2019-7-01,2019,128422.9
