Internações,cod_uf,uf,data
2153,35,São Paulo,2008-01-01
1156,29,Bahia,2008-01-01
1193,31,Minas Gerais,2008-01-01
679,33,Rio de Janeiro,2008-01-01
489,26,Pernambuco,2008-01-01
731,23,Ceará,2008-01-01
599,41,Paraná,2008-01-01
600,15,Pará,2008-01-01
349,43,Rio Grande do Sul,2008-01-01
434,21,Maranhão,2008-01-01
416,42,Santa Catarina,2008-01-01
138,13,Amazonas,2008-01-01
237,52,Goiás,2008-01-01
343,25,Paraíba,2008-01-01
209,22,Piauí,2008-01-01
280,27,Alagoas,2008-01-01
272,28,Sergipe,2008-01-01
169,24,Rio Grande do Norte,2008-01-01
193,32,Espírito Santo,2008-01-01
116,53,Distrito Federal,2008-01-01
179,51,Mato Grosso,2008-01-01
222,50,Mato Grosso do Sul,2008-01-01
138,17,Tocantins,2008-01-01
205,16,Amapá,2008-01-01
75,11,Rondônia,2008-01-01
26,12,Acre,2008-01-01
88,14,Roraima,2008-01-01
2800,35,São Paulo,2008-02-01
1640,29,Bahia,2008-02-01
1499,31,Minas Gerais,2008-02-01
816,33,Rio de Janeiro,2008-02-01
904,26,Pernambuco,2008-02-01
915,23,Ceará,2008-02-01
660,41,Paraná,2008-02-01
791,15,Pará,2008-02-01
800,43,Rio Grande do Sul,2008-02-01
593,21,Maranhão,2008-02-01
582,42,Santa Catarina,2008-02-01
418,13,Amazonas,2008-02-01
406,52,Goiás,2008-02-01
399,25,Paraíba,2008-02-01
361,22,Piauí,2008-02-01
346,27,Alagoas,2008-02-01
353,28,Sergipe,2008-02-01
198,24,Rio Grande do Norte,2008-02-01
293,32,Espírito Santo,2008-02-01
326,53,Distrito Federal,2008-02-01
247,51,Mato Grosso,2008-02-01
220,50,Mato Grosso do Sul,2008-02-01
190,17,Tocantins,2008-02-01
141,16,Amapá,2008-02-01
71,11,Rondônia,2008-02-01
61,12,Acre,2008-02-01
-,14,Roraima,2008-02-01
2892,35,São Paulo,2008-03-01
1560,29,Bahia,2008-03-01
1601,31,Minas Gerais,2008-03-01
1134,33,Rio de Janeiro,2008-03-01
796,26,Pernambuco,2008-03-01
1041,23,Ceará,2008-03-01
608,41,Paraná,2008-03-01
769,15,Pará,2008-03-01
808,43,Rio Grande do Sul,2008-03-01
584,21,Maranhão,2008-03-01
525,42,Santa Catarina,2008-03-01
461,13,Amazonas,2008-03-01
415,52,Goiás,2008-03-01
400,25,Paraíba,2008-03-01
290,22,Piauí,2008-03-01
301,27,Alagoas,2008-03-01
322,28,Sergipe,2008-03-01
183,24,Rio Grande do Norte,2008-03-01
230,32,Espírito Santo,2008-03-01
372,53,Distrito Federal,2008-03-01
252,51,Mato Grosso,2008-03-01
205,50,Mato Grosso do Sul,2008-03-01
179,17,Tocantins,2008-03-01
181,16,Amapá,2008-03-01
63,11,Rondônia,2008-03-01
127,12,Acre,2008-03-01
156,14,Roraima,2008-03-01
3000,35,São Paulo,2008-04-01
1722,29,Bahia,2008-04-01
1398,31,Minas Gerais,2008-04-01
1072,33,Rio de Janeiro,2008-04-01
1142,26,Pernambuco,2008-04-01
944,23,Ceará,2008-04-01
565,41,Paraná,2008-04-01
756,15,Pará,2008-04-01
681,43,Rio Grande do Sul,2008-04-01
660,21,Maranhão,2008-04-01
396,42,Santa Catarina,2008-04-01
459,13,Amazonas,2008-04-01
334,52,Goiás,2008-04-01
360,25,Paraíba,2008-04-01
296,22,Piauí,2008-04-01
345,27,Alagoas,2008-04-01
304,28,Sergipe,2008-04-01
177,24,Rio Grande do Norte,2008-04-01
200,32,Espírito Santo,2008-04-01
321,53,Distrito Federal,2008-04-01
191,51,Mato Grosso,2008-04-01
132,50,Mato Grosso do Sul,2008-04-01
141,17,Tocantins,2008-04-01
34,16,Amapá,2008-04-01
75,11,Rondônia,2008-04-01
53,12,Acre,2008-04-01
79,14,Roraima,2008-04-01
3201,35,São Paulo,2008-05-01
1530,29,Bahia,2008-05-01
1534,31,Minas Gerais,2008-05-01
1254,33,Rio de Janeiro,2008-05-01
903,26,Pernambuco,2008-05-01
880,23,Ceará,2008-05-01
607,41,Paraná,2008-05-01
698,15,Pará,2008-05-01
549,43,Rio Grande do Sul,2008-05-01
571,21,Maranhão,2008-05-01
491,42,Santa Catarina,2008-05-01
353,13,Amazonas,2008-05-01
319,52,Goiás,2008-05-01
334,25,Paraíba,2008-05-01
281,22,Piauí,2008-05-01
293,27,Alagoas,2008-05-01
295,28,Sergipe,2008-05-01
209,24,Rio Grande do Norte,2008-05-01
233,32,Espírito Santo,2008-05-01
496,53,Distrito Federal,2008-05-01
185,51,Mato Grosso,2008-05-01
215,50,Mato Grosso do Sul,2008-05-01
138,17,Tocantins,2008-05-01
16,16,Amapá,2008-05-01
95,11,Rondônia,2008-05-01
77,12,Acre,2008-05-01
75,14,Roraima,2008-05-01
3008,35,São Paulo,2008-06-01
2089,29,Bahia,2008-06-01
1787,31,Minas Gerais,2008-06-01
1243,33,Rio de Janeiro,2008-06-01
877,26,Pernambuco,2008-06-01
952,23,Ceará,2008-06-01
645,41,Paraná,2008-06-01
739,15,Pará,2008-06-01
539,43,Rio Grande do Sul,2008-06-01
551,21,Maranhão,2008-06-01
477,42,Santa Catarina,2008-06-01
464,13,Amazonas,2008-06-01
282,52,Goiás,2008-06-01
342,25,Paraíba,2008-06-01
582,22,Piauí,2008-06-01
280,27,Alagoas,2008-06-01
364,28,Sergipe,2008-06-01
220,24,Rio Grande do Norte,2008-06-01
281,32,Espírito Santo,2008-06-01
358,53,Distrito Federal,2008-06-01
224,51,Mato Grosso,2008-06-01
224,50,Mato Grosso do Sul,2008-06-01
152,17,Tocantins,2008-06-01
264,16,Amapá,2008-06-01
73,11,Rondônia,2008-06-01
145,12,Acre,2008-06-01
97,14,Roraima,2008-06-01
3412,35,São Paulo,2008-07-01
1831,29,Bahia,2008-07-01
1639,31,Minas Gerais,2008-07-01
1326,33,Rio de Janeiro,2008-07-01
886,26,Pernambuco,2008-07-01
1011,23,Ceará,2008-07-01
633,41,Paraná,2008-07-01
794,15,Pará,2008-07-01
799,43,Rio Grande do Sul,2008-07-01
581,21,Maranhão,2008-07-01
456,42,Santa Catarina,2008-07-01
550,13,Amazonas,2008-07-01
318,52,Goiás,2008-07-01
344,25,Paraíba,2008-07-01
445,22,Piauí,2008-07-01
337,27,Alagoas,2008-07-01
284,28,Sergipe,2008-07-01
188,24,Rio Grande do Norte,2008-07-01
254,32,Espírito Santo,2008-07-01
397,53,Distrito Federal,2008-07-01
223,51,Mato Grosso,2008-07-01
212,50,Mato Grosso do Sul,2008-07-01
151,17,Tocantins,2008-07-01
177,16,Amapá,2008-07-01
87,11,Rondônia,2008-07-01
100,12,Acre,2008-07-01
107,14,Roraima,2008-07-01
3395,35,São Paulo,2008-08-01
2267,29,Bahia,2008-08-01
1730,31,Minas Gerais,2008-08-01
1475,33,Rio de Janeiro,2008-08-01
1003,26,Pernambuco,2008-08-01
1061,23,Ceará,2008-08-01
707,41,Paraná,2008-08-01
766,15,Pará,2008-08-01
798,43,Rio Grande do Sul,2008-08-01
552,21,Maranhão,2008-08-01
503,42,Santa Catarina,2008-08-01
649,13,Amazonas,2008-08-01
362,52,Goiás,2008-08-01
459,25,Paraíba,2008-08-01
430,22,Piauí,2008-08-01
302,27,Alagoas,2008-08-01
375,28,Sergipe,2008-08-01
231,24,Rio Grande do Norte,2008-08-01
296,32,Espírito Santo,2008-08-01
334,53,Distrito Federal,2008-08-01
244,51,Mato Grosso,2008-08-01
233,50,Mato Grosso do Sul,2008-08-01
174,17,Tocantins,2008-08-01
130,16,Amapá,2008-08-01
111,11,Rondônia,2008-08-01
114,12,Acre,2008-08-01
70,14,Roraima,2008-08-01
3623,35,São Paulo,2008-09-01
2403,29,Bahia,2008-09-01
1751,31,Minas Gerais,2008-09-01
1270,33,Rio de Janeiro,2008-09-01
1008,26,Pernambuco,2008-09-01
1002,23,Ceará,2008-09-01
671,41,Paraná,2008-09-01
735,15,Pará,2008-09-01
723,43,Rio Grande do Sul,2008-09-01
498,21,Maranhão,2008-09-01
502,42,Santa Catarina,2008-09-01
554,13,Amazonas,2008-09-01
423,52,Goiás,2008-09-01
419,25,Paraíba,2008-09-01
456,22,Piauí,2008-09-01
303,27,Alagoas,2008-09-01
485,28,Sergipe,2008-09-01
208,24,Rio Grande do Norte,2008-09-01
306,32,Espírito Santo,2008-09-01
345,53,Distrito Federal,2008-09-01
237,51,Mato Grosso,2008-09-01
233,50,Mato Grosso do Sul,2008-09-01
189,17,Tocantins,2008-09-01
183,16,Amapá,2008-09-01
100,11,Rondônia,2008-09-01
88,12,Acre,2008-09-01
26,14,Roraima,2008-09-01
3655,35,São Paulo,2008-10-01
2329,29,Bahia,2008-10-01
1894,31,Minas Gerais,2008-10-01
1439,33,Rio de Janeiro,2008-10-01
880,26,Pernambuco,2008-10-01
944,23,Ceará,2008-10-01
682,41,Paraná,2008-10-01
769,15,Pará,2008-10-01
742,43,Rio Grande do Sul,2008-10-01
608,21,Maranhão,2008-10-01
533,42,Santa Catarina,2008-10-01
599,13,Amazonas,2008-10-01
364,52,Goiás,2008-10-01
420,25,Paraíba,2008-10-01
421,22,Piauí,2008-10-01
468,27,Alagoas,2008-10-01
380,28,Sergipe,2008-10-01
226,24,Rio Grande do Norte,2008-10-01
335,32,Espírito Santo,2008-10-01
440,53,Distrito Federal,2008-10-01
222,51,Mato Grosso,2008-10-01
279,50,Mato Grosso do Sul,2008-10-01
185,17,Tocantins,2008-10-01
205,16,Amapá,2008-10-01
73,11,Rondônia,2008-10-01
119,12,Acre,2008-10-01
137,14,Roraima,2008-10-01
2770,35,São Paulo,2008-11-01
2204,29,Bahia,2008-11-01
1702,31,Minas Gerais,2008-11-01
1275,33,Rio de Janeiro,2008-11-01
1018,26,Pernambuco,2008-11-01
858,23,Ceará,2008-11-01
659,41,Paraná,2008-11-01
619,15,Pará,2008-11-01
617,43,Rio Grande do Sul,2008-11-01
531,21,Maranhão,2008-11-01
428,42,Santa Catarina,2008-11-01
518,13,Amazonas,2008-11-01
327,52,Goiás,2008-11-01
442,25,Paraíba,2008-11-01
388,22,Piauí,2008-11-01
426,27,Alagoas,2008-11-01
372,28,Sergipe,2008-11-01
234,24,Rio Grande do Norte,2008-11-01
388,32,Espírito Santo,2008-11-01
347,53,Distrito Federal,2008-11-01
212,51,Mato Grosso,2008-11-01
171,50,Mato Grosso do Sul,2008-11-01
212,17,Tocantins,2008-11-01
162,16,Amapá,2008-11-01
72,11,Rondônia,2008-11-01
111,12,Acre,2008-11-01
29,14,Roraima,2008-11-01
2977,35,São Paulo,2008-12-01
1939,29,Bahia,2008-12-01
1525,31,Minas Gerais,2008-12-01
1247,33,Rio de Janeiro,2008-12-01
1088,26,Pernambuco,2008-12-01
888,23,Ceará,2008-12-01
563,41,Paraná,2008-12-01
676,15,Pará,2008-12-01
681,43,Rio Grande do Sul,2008-12-01
602,21,Maranhão,2008-12-01
521,42,Santa Catarina,2008-12-01
491,13,Amazonas,2008-12-01
334,52,Goiás,2008-12-01
405,25,Paraíba,2008-12-01
326,22,Piauí,2008-12-01
337,27,Alagoas,2008-12-01
325,28,Sergipe,2008-12-01
203,24,Rio Grande do Norte,2008-12-01
299,32,Espírito Santo,2008-12-01
280,53,Distrito Federal,2008-12-01
184,51,Mato Grosso,2008-12-01
156,50,Mato Grosso do Sul,2008-12-01
154,17,Tocantins,2008-12-01
90,16,Amapá,2008-12-01
71,11,Rondônia,2008-12-01
154,12,Acre,2008-12-01
93,14,Roraima,2008-12-01
2761,35,São Paulo,2009-01-01
1709,29,Bahia,2009-01-01
1648,31,Minas Gerais,2009-01-01
1198,33,Rio de Janeiro,2009-01-01
967,26,Pernambuco,2009-01-01
942,23,Ceará,2009-01-01
691,41,Paraná,2009-01-01
738,15,Pará,2009-01-01
641,43,Rio Grande do Sul,2009-01-01
631,21,Maranhão,2009-01-01
515,42,Santa Catarina,2009-01-01
335,13,Amazonas,2009-01-01
320,52,Goiás,2009-01-01
411,25,Paraíba,2009-01-01
349,22,Piauí,2009-01-01
375,27,Alagoas,2009-01-01
326,28,Sergipe,2009-01-01
188,24,Rio Grande do Norte,2009-01-01
306,32,Espírito Santo,2009-01-01
331,53,Distrito Federal,2009-01-01
203,51,Mato Grosso,2009-01-01
273,50,Mato Grosso do Sul,2009-01-01
112,17,Tocantins,2009-01-01
185,16,Amapá,2009-01-01
69,11,Rondônia,2009-01-01
132,12,Acre,2009-01-01
221,14,Roraima,2009-01-01
2705,35,São Paulo,2009-02-01
1770,29,Bahia,2009-02-01
1375,31,Minas Gerais,2009-02-01
1006,33,Rio de Janeiro,2009-02-01
932,26,Pernambuco,2009-02-01
796,23,Ceará,2009-02-01
695,41,Paraná,2009-02-01
685,15,Pará,2009-02-01
620,43,Rio Grande do Sul,2009-02-01
536,21,Maranhão,2009-02-01
428,42,Santa Catarina,2009-02-01
382,13,Amazonas,2009-02-01
338,52,Goiás,2009-02-01
413,25,Paraíba,2009-02-01
349,22,Piauí,2009-02-01
352,27,Alagoas,2009-02-01
264,28,Sergipe,2009-02-01
171,24,Rio Grande do Norte,2009-02-01
255,32,Espírito Santo,2009-02-01
226,53,Distrito Federal,2009-02-01
193,51,Mato Grosso,2009-02-01
167,50,Mato Grosso do Sul,2009-02-01
224,17,Tocantins,2009-02-01
167,16,Amapá,2009-02-01
100,11,Rondônia,2009-02-01
155,12,Acre,2009-02-01
73,14,Roraima,2009-02-01
3166,35,São Paulo,2009-03-01
1951,29,Bahia,2009-03-01
1556,31,Minas Gerais,2009-03-01
1349,33,Rio de Janeiro,2009-03-01
940,26,Pernambuco,2009-03-01
972,23,Ceará,2009-03-01
592,41,Paraná,2009-03-01
720,15,Pará,2009-03-01
713,43,Rio Grande do Sul,2009-03-01
476,21,Maranhão,2009-03-01
502,42,Santa Catarina,2009-03-01
520,13,Amazonas,2009-03-01
334,52,Goiás,2009-03-01
394,25,Paraíba,2009-03-01
240,22,Piauí,2009-03-01
337,27,Alagoas,2009-03-01
314,28,Sergipe,2009-03-01
185,24,Rio Grande do Norte,2009-03-01
274,32,Espírito Santo,2009-03-01
304,53,Distrito Federal,2009-03-01
186,51,Mato Grosso,2009-03-01
231,50,Mato Grosso do Sul,2009-03-01
134,17,Tocantins,2009-03-01
235,16,Amapá,2009-03-01
90,11,Rondônia,2009-03-01
114,12,Acre,2009-03-01
46,14,Roraima,2009-03-01
3025,35,São Paulo,2009-04-01
1845,29,Bahia,2009-04-01
1548,31,Minas Gerais,2009-04-01
1096,33,Rio de Janeiro,2009-04-01
852,26,Pernambuco,2009-04-01
859,23,Ceará,2009-04-01
641,41,Paraná,2009-04-01
719,15,Pará,2009-04-01
692,43,Rio Grande do Sul,2009-04-01
614,21,Maranhão,2009-04-01
458,42,Santa Catarina,2009-04-01
510,13,Amazonas,2009-04-01
359,52,Goiás,2009-04-01
382,25,Paraíba,2009-04-01
318,22,Piauí,2009-04-01
364,27,Alagoas,2009-04-01
317,28,Sergipe,2009-04-01
236,24,Rio Grande do Norte,2009-04-01
240,32,Espírito Santo,2009-04-01
295,53,Distrito Federal,2009-04-01
195,51,Mato Grosso,2009-04-01
157,50,Mato Grosso do Sul,2009-04-01
146,17,Tocantins,2009-04-01
181,16,Amapá,2009-04-01
93,11,Rondônia,2009-04-01
136,12,Acre,2009-04-01
164,14,Roraima,2009-04-01
3013,35,São Paulo,2009-05-01
1656,29,Bahia,2009-05-01
1436,31,Minas Gerais,2009-05-01
1163,33,Rio de Janeiro,2009-05-01
879,26,Pernambuco,2009-05-01
916,23,Ceará,2009-05-01
643,41,Paraná,2009-05-01
808,15,Pará,2009-05-01
626,43,Rio Grande do Sul,2009-05-01
487,21,Maranhão,2009-05-01
439,42,Santa Catarina,2009-05-01
457,13,Amazonas,2009-05-01
349,52,Goiás,2009-05-01
394,25,Paraíba,2009-05-01
331,22,Piauí,2009-05-01
358,27,Alagoas,2009-05-01
366,28,Sergipe,2009-05-01
291,24,Rio Grande do Norte,2009-05-01
289,32,Espírito Santo,2009-05-01
337,53,Distrito Federal,2009-05-01
161,51,Mato Grosso,2009-05-01
153,50,Mato Grosso do Sul,2009-05-01
146,17,Tocantins,2009-05-01
157,16,Amapá,2009-05-01
104,11,Rondônia,2009-05-01
142,12,Acre,2009-05-01
205,14,Roraima,2009-05-01
2893,35,São Paulo,2009-06-01
1560,29,Bahia,2009-06-01
1548,31,Minas Gerais,2009-06-01
1199,33,Rio de Janeiro,2009-06-01
746,26,Pernambuco,2009-06-01
797,23,Ceará,2009-06-01
613,41,Paraná,2009-06-01
666,15,Pará,2009-06-01
661,43,Rio Grande do Sul,2009-06-01
510,21,Maranhão,2009-06-01
452,42,Santa Catarina,2009-06-01
453,13,Amazonas,2009-06-01
353,52,Goiás,2009-06-01
358,25,Paraíba,2009-06-01
361,22,Piauí,2009-06-01
294,27,Alagoas,2009-06-01
260,28,Sergipe,2009-06-01
310,24,Rio Grande do Norte,2009-06-01
209,32,Espírito Santo,2009-06-01
341,53,Distrito Federal,2009-06-01
217,51,Mato Grosso,2009-06-01
165,50,Mato Grosso do Sul,2009-06-01
172,17,Tocantins,2009-06-01
147,16,Amapá,2009-06-01
91,11,Rondônia,2009-06-01
137,12,Acre,2009-06-01
115,14,Roraima,2009-06-01
3007,35,São Paulo,2009-07-01
1828,29,Bahia,2009-07-01
1614,31,Minas Gerais,2009-07-01
1310,33,Rio de Janeiro,2009-07-01
852,26,Pernambuco,2009-07-01
916,23,Ceará,2009-07-01
704,41,Paraná,2009-07-01
705,15,Pará,2009-07-01
651,43,Rio Grande do Sul,2009-07-01
500,21,Maranhão,2009-07-01
485,42,Santa Catarina,2009-07-01
491,13,Amazonas,2009-07-01
414,52,Goiás,2009-07-01
382,25,Paraíba,2009-07-01
311,22,Piauí,2009-07-01
276,27,Alagoas,2009-07-01
312,28,Sergipe,2009-07-01
279,24,Rio Grande do Norte,2009-07-01
263,32,Espírito Santo,2009-07-01
260,53,Distrito Federal,2009-07-01
213,51,Mato Grosso,2009-07-01
224,50,Mato Grosso do Sul,2009-07-01
166,17,Tocantins,2009-07-01
139,16,Amapá,2009-07-01
106,11,Rondônia,2009-07-01
106,12,Acre,2009-07-01
126,14,Roraima,2009-07-01
3281,35,São Paulo,2009-08-01
1953,29,Bahia,2009-08-01
1608,31,Minas Gerais,2009-08-01
1385,33,Rio de Janeiro,2009-08-01
860,26,Pernambuco,2009-08-01
992,23,Ceará,2009-08-01
654,41,Paraná,2009-08-01
861,15,Pará,2009-08-01
650,43,Rio Grande do Sul,2009-08-01
586,21,Maranhão,2009-08-01
477,42,Santa Catarina,2009-08-01
279,13,Amazonas,2009-08-01
359,52,Goiás,2009-08-01
408,25,Paraíba,2009-08-01
402,22,Piauí,2009-08-01
292,27,Alagoas,2009-08-01
308,28,Sergipe,2009-08-01
293,24,Rio Grande do Norte,2009-08-01
267,32,Espírito Santo,2009-08-01
261,53,Distrito Federal,2009-08-01
245,51,Mato Grosso,2009-08-01
207,50,Mato Grosso do Sul,2009-08-01
160,17,Tocantins,2009-08-01
195,16,Amapá,2009-08-01
122,11,Rondônia,2009-08-01
177,12,Acre,2009-08-01
77,14,Roraima,2009-08-01
3393,35,São Paulo,2009-09-01
2460,29,Bahia,2009-09-01
1610,31,Minas Gerais,2009-09-01
1495,33,Rio de Janeiro,2009-09-01
961,26,Pernambuco,2009-09-01
879,23,Ceará,2009-09-01
735,41,Paraná,2009-09-01
772,15,Pará,2009-09-01
707,43,Rio Grande do Sul,2009-09-01
555,21,Maranhão,2009-09-01
565,42,Santa Catarina,2009-09-01
552,13,Amazonas,2009-09-01
341,52,Goiás,2009-09-01
462,25,Paraíba,2009-09-01
350,22,Piauí,2009-09-01
353,27,Alagoas,2009-09-01
351,28,Sergipe,2009-09-01
254,24,Rio Grande do Norte,2009-09-01
280,32,Espírito Santo,2009-09-01
332,53,Distrito Federal,2009-09-01
215,51,Mato Grosso,2009-09-01
246,50,Mato Grosso do Sul,2009-09-01
154,17,Tocantins,2009-09-01
95,16,Amapá,2009-09-01
102,11,Rondônia,2009-09-01
-,12,Acre,2009-09-01
150,14,Roraima,2009-09-01
3403,35,São Paulo,2009-10-01
2032,29,Bahia,2009-10-01
1720,31,Minas Gerais,2009-10-01
1264,33,Rio de Janeiro,2009-10-01
1021,26,Pernambuco,2009-10-01
1025,23,Ceará,2009-10-01
684,41,Paraná,2009-10-01
790,15,Pará,2009-10-01
692,43,Rio Grande do Sul,2009-10-01
660,21,Maranhão,2009-10-01
549,42,Santa Catarina,2009-10-01
443,13,Amazonas,2009-10-01
405,52,Goiás,2009-10-01
450,25,Paraíba,2009-10-01
379,22,Piauí,2009-10-01
382,27,Alagoas,2009-10-01
327,28,Sergipe,2009-10-01
289,24,Rio Grande do Norte,2009-10-01
314,32,Espírito Santo,2009-10-01
337,53,Distrito Federal,2009-10-01
232,51,Mato Grosso,2009-10-01
178,50,Mato Grosso do Sul,2009-10-01
168,17,Tocantins,2009-10-01
158,16,Amapá,2009-10-01
123,11,Rondônia,2009-10-01
138,12,Acre,2009-10-01
74,14,Roraima,2009-10-01
3360,35,São Paulo,2009-11-01
2041,29,Bahia,2009-11-01
1746,31,Minas Gerais,2009-11-01
1337,33,Rio de Janeiro,2009-11-01
1002,26,Pernambuco,2009-11-01
955,23,Ceará,2009-11-01
689,41,Paraná,2009-11-01
769,15,Pará,2009-11-01
665,43,Rio Grande do Sul,2009-11-01
578,21,Maranhão,2009-11-01
518,42,Santa Catarina,2009-11-01
365,13,Amazonas,2009-11-01
403,52,Goiás,2009-11-01
405,25,Paraíba,2009-11-01
380,22,Piauí,2009-11-01
355,27,Alagoas,2009-11-01
316,28,Sergipe,2009-11-01
301,24,Rio Grande do Norte,2009-11-01
313,32,Espírito Santo,2009-11-01
258,53,Distrito Federal,2009-11-01
218,51,Mato Grosso,2009-11-01
229,50,Mato Grosso do Sul,2009-11-01
165,17,Tocantins,2009-11-01
167,16,Amapá,2009-11-01
93,11,Rondônia,2009-11-01
111,12,Acre,2009-11-01
88,14,Roraima,2009-11-01
3187,35,São Paulo,2009-12-01
1914,29,Bahia,2009-12-01
1639,31,Minas Gerais,2009-12-01
1417,33,Rio de Janeiro,2009-12-01
891,26,Pernambuco,2009-12-01
940,23,Ceará,2009-12-01
715,41,Paraná,2009-12-01
744,15,Pará,2009-12-01
715,43,Rio Grande do Sul,2009-12-01
568,21,Maranhão,2009-12-01
485,42,Santa Catarina,2009-12-01
357,13,Amazonas,2009-12-01
372,52,Goiás,2009-12-01
429,25,Paraíba,2009-12-01
319,22,Piauí,2009-12-01
386,27,Alagoas,2009-12-01
314,28,Sergipe,2009-12-01
318,24,Rio Grande do Norte,2009-12-01
255,32,Espírito Santo,2009-12-01
207,53,Distrito Federal,2009-12-01
226,51,Mato Grosso,2009-12-01
173,50,Mato Grosso do Sul,2009-12-01
154,17,Tocantins,2009-12-01
163,16,Amapá,2009-12-01
101,11,Rondônia,2009-12-01
110,12,Acre,2009-12-01
72,14,Roraima,2009-12-01
3299,35,São Paulo,2010-01-01
2197,29,Bahia,2010-01-01
1558,31,Minas Gerais,2010-01-01
1383,33,Rio de Janeiro,2010-01-01
901,26,Pernambuco,2010-01-01
979,23,Ceará,2010-01-01
661,41,Paraná,2010-01-01
700,15,Pará,2010-01-01
623,43,Rio Grande do Sul,2010-01-01
567,21,Maranhão,2010-01-01
486,42,Santa Catarina,2010-01-01
359,13,Amazonas,2010-01-01
296,52,Goiás,2010-01-01
343,25,Paraíba,2010-01-01
461,22,Piauí,2010-01-01
391,27,Alagoas,2010-01-01
342,28,Sergipe,2010-01-01
289,24,Rio Grande do Norte,2010-01-01
288,32,Espírito Santo,2010-01-01
282,53,Distrito Federal,2010-01-01
178,51,Mato Grosso,2010-01-01
227,50,Mato Grosso do Sul,2010-01-01
180,17,Tocantins,2010-01-01
157,16,Amapá,2010-01-01
109,11,Rondônia,2010-01-01
154,12,Acre,2010-01-01
44,14,Roraima,2010-01-01
2703,35,São Paulo,2010-02-01
1894,29,Bahia,2010-02-01
1376,31,Minas Gerais,2010-02-01
1160,33,Rio de Janeiro,2010-02-01
979,26,Pernambuco,2010-02-01
954,23,Ceará,2010-02-01
632,41,Paraná,2010-02-01
727,15,Pará,2010-02-01
707,43,Rio Grande do Sul,2010-02-01
627,21,Maranhão,2010-02-01
454,42,Santa Catarina,2010-02-01
386,13,Amazonas,2010-02-01
321,52,Goiás,2010-02-01
348,25,Paraíba,2010-02-01
353,22,Piauí,2010-02-01
333,27,Alagoas,2010-02-01
281,28,Sergipe,2010-02-01
278,24,Rio Grande do Norte,2010-02-01
247,32,Espírito Santo,2010-02-01
184,53,Distrito Federal,2010-02-01
189,51,Mato Grosso,2010-02-01
141,50,Mato Grosso do Sul,2010-02-01
159,17,Tocantins,2010-02-01
123,16,Amapá,2010-02-01
112,11,Rondônia,2010-02-01
105,12,Acre,2010-02-01
92,14,Roraima,2010-02-01
2792,35,São Paulo,2010-03-01
1843,29,Bahia,2010-03-01
1460,31,Minas Gerais,2010-03-01
1256,33,Rio de Janeiro,2010-03-01
936,26,Pernambuco,2010-03-01
944,23,Ceará,2010-03-01
614,41,Paraná,2010-03-01
744,15,Pará,2010-03-01
637,43,Rio Grande do Sul,2010-03-01
660,21,Maranhão,2010-03-01
431,42,Santa Catarina,2010-03-01
471,13,Amazonas,2010-03-01
330,52,Goiás,2010-03-01
400,25,Paraíba,2010-03-01
386,22,Piauí,2010-03-01
364,27,Alagoas,2010-03-01
321,28,Sergipe,2010-03-01
302,24,Rio Grande do Norte,2010-03-01
201,32,Espírito Santo,2010-03-01
264,53,Distrito Federal,2010-03-01
200,51,Mato Grosso,2010-03-01
188,50,Mato Grosso do Sul,2010-03-01
154,17,Tocantins,2010-03-01
139,16,Amapá,2010-03-01
110,11,Rondônia,2010-03-01
153,12,Acre,2010-03-01
117,14,Roraima,2010-03-01
2780,35,São Paulo,2010-04-01
1740,29,Bahia,2010-04-01
1423,31,Minas Gerais,2010-04-01
1117,33,Rio de Janeiro,2010-04-01
900,26,Pernambuco,2010-04-01
887,23,Ceará,2010-04-01
700,41,Paraná,2010-04-01
713,15,Pará,2010-04-01
638,43,Rio Grande do Sul,2010-04-01
574,21,Maranhão,2010-04-01
417,42,Santa Catarina,2010-04-01
459,13,Amazonas,2010-04-01
350,52,Goiás,2010-04-01
332,25,Paraíba,2010-04-01
363,22,Piauí,2010-04-01
334,27,Alagoas,2010-04-01
314,28,Sergipe,2010-04-01
239,24,Rio Grande do Norte,2010-04-01
216,32,Espírito Santo,2010-04-01
314,53,Distrito Federal,2010-04-01
174,51,Mato Grosso,2010-04-01
174,50,Mato Grosso do Sul,2010-04-01
130,17,Tocantins,2010-04-01
179,16,Amapá,2010-04-01
111,11,Rondônia,2010-04-01
154,12,Acre,2010-04-01
117,14,Roraima,2010-04-01
2749,35,São Paulo,2010-05-01
1676,29,Bahia,2010-05-01
1404,31,Minas Gerais,2010-05-01
1297,33,Rio de Janeiro,2010-05-01
703,26,Pernambuco,2010-05-01
838,23,Ceará,2010-05-01
576,41,Paraná,2010-05-01
804,15,Pará,2010-05-01
611,43,Rio Grande do Sul,2010-05-01
557,21,Maranhão,2010-05-01
380,42,Santa Catarina,2010-05-01
452,13,Amazonas,2010-05-01
312,52,Goiás,2010-05-01
355,25,Paraíba,2010-05-01
341,22,Piauí,2010-05-01
275,27,Alagoas,2010-05-01
274,28,Sergipe,2010-05-01
288,24,Rio Grande do Norte,2010-05-01
228,32,Espírito Santo,2010-05-01
278,53,Distrito Federal,2010-05-01
190,51,Mato Grosso,2010-05-01
175,50,Mato Grosso do Sul,2010-05-01
153,17,Tocantins,2010-05-01
117,16,Amapá,2010-05-01
116,11,Rondônia,2010-05-01
155,12,Acre,2010-05-01
86,14,Roraima,2010-05-01
2747,35,São Paulo,2010-06-01
1574,29,Bahia,2010-06-01
1402,31,Minas Gerais,2010-06-01
1186,33,Rio de Janeiro,2010-06-01
896,26,Pernambuco,2010-06-01
735,23,Ceará,2010-06-01
632,41,Paraná,2010-06-01
710,15,Pará,2010-06-01
616,43,Rio Grande do Sul,2010-06-01
532,21,Maranhão,2010-06-01
427,42,Santa Catarina,2010-06-01
535,13,Amazonas,2010-06-01
331,52,Goiás,2010-06-01
330,25,Paraíba,2010-06-01
383,22,Piauí,2010-06-01
293,27,Alagoas,2010-06-01
259,28,Sergipe,2010-06-01
220,24,Rio Grande do Norte,2010-06-01
262,32,Espírito Santo,2010-06-01
179,53,Distrito Federal,2010-06-01
213,51,Mato Grosso,2010-06-01
190,50,Mato Grosso do Sul,2010-06-01
188,17,Tocantins,2010-06-01
176,16,Amapá,2010-06-01
102,11,Rondônia,2010-06-01
99,12,Acre,2010-06-01
56,14,Roraima,2010-06-01
2831,35,São Paulo,2010-07-01
1713,29,Bahia,2010-07-01
1578,31,Minas Gerais,2010-07-01
1313,33,Rio de Janeiro,2010-07-01
923,26,Pernambuco,2010-07-01
825,23,Ceará,2010-07-01
659,41,Paraná,2010-07-01
684,15,Pará,2010-07-01
626,43,Rio Grande do Sul,2010-07-01
486,21,Maranhão,2010-07-01
459,42,Santa Catarina,2010-07-01
445,13,Amazonas,2010-07-01
343,52,Goiás,2010-07-01
344,25,Paraíba,2010-07-01
327,22,Piauí,2010-07-01
293,27,Alagoas,2010-07-01
330,28,Sergipe,2010-07-01
267,24,Rio Grande do Norte,2010-07-01
250,32,Espírito Santo,2010-07-01
215,53,Distrito Federal,2010-07-01
221,51,Mato Grosso,2010-07-01
172,50,Mato Grosso do Sul,2010-07-01
155,17,Tocantins,2010-07-01
141,16,Amapá,2010-07-01
97,11,Rondônia,2010-07-01
151,12,Acre,2010-07-01
104,14,Roraima,2010-07-01
3119,35,São Paulo,2010-08-01
1930,29,Bahia,2010-08-01
1707,31,Minas Gerais,2010-08-01
1449,33,Rio de Janeiro,2010-08-01
905,26,Pernambuco,2010-08-01
836,23,Ceará,2010-08-01
713,41,Paraná,2010-08-01
646,15,Pará,2010-08-01
699,43,Rio Grande do Sul,2010-08-01
559,21,Maranhão,2010-08-01
492,42,Santa Catarina,2010-08-01
355,13,Amazonas,2010-08-01
378,52,Goiás,2010-08-01
363,25,Paraíba,2010-08-01
333,22,Piauí,2010-08-01
336,27,Alagoas,2010-08-01
287,28,Sergipe,2010-08-01
255,24,Rio Grande do Norte,2010-08-01
200,32,Espírito Santo,2010-08-01
298,53,Distrito Federal,2010-08-01
203,51,Mato Grosso,2010-08-01
182,50,Mato Grosso do Sul,2010-08-01
123,17,Tocantins,2010-08-01
154,16,Amapá,2010-08-01
99,11,Rondônia,2010-08-01
135,12,Acre,2010-08-01
159,14,Roraima,2010-08-01
3376,35,São Paulo,2010-09-01
1882,29,Bahia,2010-09-01
1619,31,Minas Gerais,2010-09-01
1411,33,Rio de Janeiro,2010-09-01
882,26,Pernambuco,2010-09-01
934,23,Ceará,2010-09-01
662,41,Paraná,2010-09-01
741,15,Pará,2010-09-01
648,43,Rio Grande do Sul,2010-09-01
509,21,Maranhão,2010-09-01
483,42,Santa Catarina,2010-09-01
339,13,Amazonas,2010-09-01
370,52,Goiás,2010-09-01
385,25,Paraíba,2010-09-01
338,22,Piauí,2010-09-01
327,27,Alagoas,2010-09-01
327,28,Sergipe,2010-09-01
282,24,Rio Grande do Norte,2010-09-01
309,32,Espírito Santo,2010-09-01
204,53,Distrito Federal,2010-09-01
233,51,Mato Grosso,2010-09-01
207,50,Mato Grosso do Sul,2010-09-01
148,17,Tocantins,2010-09-01
167,16,Amapá,2010-09-01
108,11,Rondônia,2010-09-01
134,12,Acre,2010-09-01
120,14,Roraima,2010-09-01
3315,35,São Paulo,2010-10-01
2020,29,Bahia,2010-10-01
1684,31,Minas Gerais,2010-10-01
1271,33,Rio de Janeiro,2010-10-01
951,26,Pernambuco,2010-10-01
898,23,Ceará,2010-10-01
768,41,Paraná,2010-10-01
700,15,Pará,2010-10-01
690,43,Rio Grande do Sul,2010-10-01
638,21,Maranhão,2010-10-01
513,42,Santa Catarina,2010-10-01
635,13,Amazonas,2010-10-01
321,52,Goiás,2010-10-01
373,25,Paraíba,2010-10-01
360,22,Piauí,2010-10-01
373,27,Alagoas,2010-10-01
300,28,Sergipe,2010-10-01
313,24,Rio Grande do Norte,2010-10-01
227,32,Espírito Santo,2010-10-01
252,53,Distrito Federal,2010-10-01
258,51,Mato Grosso,2010-10-01
235,50,Mato Grosso do Sul,2010-10-01
172,17,Tocantins,2010-10-01
171,16,Amapá,2010-10-01
113,11,Rondônia,2010-10-01
97,12,Acre,2010-10-01
44,14,Roraima,2010-10-01
3229,35,São Paulo,2010-11-01
2014,29,Bahia,2010-11-01
1686,31,Minas Gerais,2010-11-01
1407,33,Rio de Janeiro,2010-11-01
972,26,Pernambuco,2010-11-01
1002,23,Ceará,2010-11-01
699,41,Paraná,2010-11-01
704,15,Pará,2010-11-01
688,43,Rio Grande do Sul,2010-11-01
705,21,Maranhão,2010-11-01
513,42,Santa Catarina,2010-11-01
618,13,Amazonas,2010-11-01
344,52,Goiás,2010-11-01
416,25,Paraíba,2010-11-01
367,22,Piauí,2010-11-01
382,27,Alagoas,2010-11-01
320,28,Sergipe,2010-11-01
284,24,Rio Grande do Norte,2010-11-01
292,32,Espírito Santo,2010-11-01
283,53,Distrito Federal,2010-11-01
230,51,Mato Grosso,2010-11-01
263,50,Mato Grosso do Sul,2010-11-01
184,17,Tocantins,2010-11-01
149,16,Amapá,2010-11-01
136,11,Rondônia,2010-11-01
106,12,Acre,2010-11-01
72,14,Roraima,2010-11-01
3428,35,São Paulo,2010-12-01
1777,29,Bahia,2010-12-01
1561,31,Minas Gerais,2010-12-01
1411,33,Rio de Janeiro,2010-12-01
1019,26,Pernambuco,2010-12-01
957,23,Ceará,2010-12-01
747,41,Paraná,2010-12-01
703,15,Pará,2010-12-01
639,43,Rio Grande do Sul,2010-12-01
584,21,Maranhão,2010-12-01
544,42,Santa Catarina,2010-12-01
478,13,Amazonas,2010-12-01
364,52,Goiás,2010-12-01
370,25,Paraíba,2010-12-01
336,22,Piauí,2010-12-01
368,27,Alagoas,2010-12-01
369,28,Sergipe,2010-12-01
257,24,Rio Grande do Norte,2010-12-01
289,32,Espírito Santo,2010-12-01
193,53,Distrito Federal,2010-12-01
213,51,Mato Grosso,2010-12-01
194,50,Mato Grosso do Sul,2010-12-01
164,17,Tocantins,2010-12-01
126,16,Amapá,2010-12-01
101,11,Rondônia,2010-12-01
117,12,Acre,2010-12-01
81,14,Roraima,2010-12-01
2896,35,São Paulo,2011-01-01
1778,29,Bahia,2011-01-01
1577,31,Minas Gerais,2011-01-01
1150,33,Rio de Janeiro,2011-01-01
838,26,Pernambuco,2011-01-01
879,23,Ceará,2011-01-01
812,41,Paraná,2011-01-01
703,15,Pará,2011-01-01
606,43,Rio Grande do Sul,2011-01-01
624,21,Maranhão,2011-01-01
478,42,Santa Catarina,2011-01-01
492,13,Amazonas,2011-01-01
353,52,Goiás,2011-01-01
323,25,Paraíba,2011-01-01
353,22,Piauí,2011-01-01
344,27,Alagoas,2011-01-01
397,28,Sergipe,2011-01-01
206,24,Rio Grande do Norte,2011-01-01
284,32,Espírito Santo,2011-01-01
250,53,Distrito Federal,2011-01-01
195,51,Mato Grosso,2011-01-01
250,50,Mato Grosso do Sul,2011-01-01
164,17,Tocantins,2011-01-01
124,16,Amapá,2011-01-01
104,11,Rondônia,2011-01-01
146,12,Acre,2011-01-01
18,14,Roraima,2011-01-01
2690,35,São Paulo,2011-02-01
1561,29,Bahia,2011-02-01
1434,31,Minas Gerais,2011-02-01
1221,33,Rio de Janeiro,2011-02-01
905,26,Pernambuco,2011-02-01
863,23,Ceará,2011-02-01
791,41,Paraná,2011-02-01
750,15,Pará,2011-02-01
519,43,Rio Grande do Sul,2011-02-01
602,21,Maranhão,2011-02-01
495,42,Santa Catarina,2011-02-01
437,13,Amazonas,2011-02-01
351,52,Goiás,2011-02-01
367,25,Paraíba,2011-02-01
336,22,Piauí,2011-02-01
307,27,Alagoas,2011-02-01
259,28,Sergipe,2011-02-01
201,24,Rio Grande do Norte,2011-02-01
247,32,Espírito Santo,2011-02-01
134,53,Distrito Federal,2011-02-01
172,51,Mato Grosso,2011-02-01
152,50,Mato Grosso do Sul,2011-02-01
142,17,Tocantins,2011-02-01
166,16,Amapá,2011-02-01
123,11,Rondônia,2011-02-01
116,12,Acre,2011-02-01
85,14,Roraima,2011-02-01
2776,35,São Paulo,2011-03-01
1742,29,Bahia,2011-03-01
1446,31,Minas Gerais,2011-03-01
1008,33,Rio de Janeiro,2011-03-01
814,26,Pernambuco,2011-03-01
736,23,Ceará,2011-03-01
658,41,Paraná,2011-03-01
752,15,Pará,2011-03-01
634,43,Rio Grande do Sul,2011-03-01
573,21,Maranhão,2011-03-01
483,42,Santa Catarina,2011-03-01
353,13,Amazonas,2011-03-01
361,52,Goiás,2011-03-01
407,25,Paraíba,2011-03-01
425,22,Piauí,2011-03-01
302,27,Alagoas,2011-03-01
248,28,Sergipe,2011-03-01
246,24,Rio Grande do Norte,2011-03-01
241,32,Espírito Santo,2011-03-01
207,53,Distrito Federal,2011-03-01
158,51,Mato Grosso,2011-03-01
222,50,Mato Grosso do Sul,2011-03-01
153,17,Tocantins,2011-03-01
76,16,Amapá,2011-03-01
182,11,Rondônia,2011-03-01
134,12,Acre,2011-03-01
93,14,Roraima,2011-03-01
2597,35,São Paulo,2011-04-01
1577,29,Bahia,2011-04-01
1322,31,Minas Gerais,2011-04-01
1042,33,Rio de Janeiro,2011-04-01
762,26,Pernambuco,2011-04-01
800,23,Ceará,2011-04-01
722,41,Paraná,2011-04-01
784,15,Pará,2011-04-01
565,43,Rio Grande do Sul,2011-04-01
602,21,Maranhão,2011-04-01
400,42,Santa Catarina,2011-04-01
597,13,Amazonas,2011-04-01
337,52,Goiás,2011-04-01
316,25,Paraíba,2011-04-01
302,22,Piauí,2011-04-01
299,27,Alagoas,2011-04-01
261,28,Sergipe,2011-04-01
209,24,Rio Grande do Norte,2011-04-01
235,32,Espírito Santo,2011-04-01
212,53,Distrito Federal,2011-04-01
218,51,Mato Grosso,2011-04-01
157,50,Mato Grosso do Sul,2011-04-01
134,17,Tocantins,2011-04-01
204,16,Amapá,2011-04-01
144,11,Rondônia,2011-04-01
108,12,Acre,2011-04-01
103,14,Roraima,2011-04-01
2769,35,São Paulo,2011-05-01
1401,29,Bahia,2011-05-01
1335,31,Minas Gerais,2011-05-01
998,33,Rio de Janeiro,2011-05-01
742,26,Pernambuco,2011-05-01
669,23,Ceará,2011-05-01
628,41,Paraná,2011-05-01
568,15,Pará,2011-05-01
527,43,Rio Grande do Sul,2011-05-01
467,21,Maranhão,2011-05-01
396,42,Santa Catarina,2011-05-01
446,13,Amazonas,2011-05-01
302,52,Goiás,2011-05-01
286,25,Paraíba,2011-05-01
362,22,Piauí,2011-05-01
276,27,Alagoas,2011-05-01
262,28,Sergipe,2011-05-01
186,24,Rio Grande do Norte,2011-05-01
256,32,Espírito Santo,2011-05-01
271,53,Distrito Federal,2011-05-01
198,51,Mato Grosso,2011-05-01
140,50,Mato Grosso do Sul,2011-05-01
147,17,Tocantins,2011-05-01
179,16,Amapá,2011-05-01
168,11,Rondônia,2011-05-01
107,12,Acre,2011-05-01
93,14,Roraima,2011-05-01
2556,35,São Paulo,2011-06-01
1541,29,Bahia,2011-06-01
1475,31,Minas Gerais,2011-06-01
1139,33,Rio de Janeiro,2011-06-01
802,26,Pernambuco,2011-06-01
809,23,Ceará,2011-06-01
650,41,Paraná,2011-06-01
703,15,Pará,2011-06-01
592,43,Rio Grande do Sul,2011-06-01
504,21,Maranhão,2011-06-01
370,42,Santa Catarina,2011-06-01
512,13,Amazonas,2011-06-01
277,52,Goiás,2011-06-01
302,25,Paraíba,2011-06-01
317,22,Piauí,2011-06-01
295,27,Alagoas,2011-06-01
236,28,Sergipe,2011-06-01
221,24,Rio Grande do Norte,2011-06-01
266,32,Espírito Santo,2011-06-01
249,53,Distrito Federal,2011-06-01
179,51,Mato Grosso,2011-06-01
152,50,Mato Grosso do Sul,2011-06-01
187,17,Tocantins,2011-06-01
66,16,Amapá,2011-06-01
171,11,Rondônia,2011-06-01
135,12,Acre,2011-06-01
129,14,Roraima,2011-06-01
2864,35,São Paulo,2011-07-01
1549,29,Bahia,2011-07-01
1627,31,Minas Gerais,2011-07-01
1160,33,Rio de Janeiro,2011-07-01
826,26,Pernambuco,2011-07-01
827,23,Ceará,2011-07-01
702,41,Paraná,2011-07-01
602,15,Pará,2011-07-01
579,43,Rio Grande do Sul,2011-07-01
491,21,Maranhão,2011-07-01
465,42,Santa Catarina,2011-07-01
621,13,Amazonas,2011-07-01
318,52,Goiás,2011-07-01
355,25,Paraíba,2011-07-01
403,22,Piauí,2011-07-01
317,27,Alagoas,2011-07-01
288,28,Sergipe,2011-07-01
246,24,Rio Grande do Norte,2011-07-01
240,32,Espírito Santo,2011-07-01
243,53,Distrito Federal,2011-07-01
210,51,Mato Grosso,2011-07-01
195,50,Mato Grosso do Sul,2011-07-01
132,17,Tocantins,2011-07-01
252,16,Amapá,2011-07-01
163,11,Rondônia,2011-07-01
119,12,Acre,2011-07-01
121,14,Roraima,2011-07-01
3005,35,São Paulo,2011-08-01
1926,29,Bahia,2011-08-01
1644,31,Minas Gerais,2011-08-01
1347,33,Rio de Janeiro,2011-08-01
933,26,Pernambuco,2011-08-01
820,23,Ceará,2011-08-01
729,41,Paraná,2011-08-01
736,15,Pará,2011-08-01
663,43,Rio Grande do Sul,2011-08-01
609,21,Maranhão,2011-08-01
375,42,Santa Catarina,2011-08-01
510,13,Amazonas,2011-08-01
364,52,Goiás,2011-08-01
363,25,Paraíba,2011-08-01
359,22,Piauí,2011-08-01
263,27,Alagoas,2011-08-01
288,28,Sergipe,2011-08-01
214,24,Rio Grande do Norte,2011-08-01
289,32,Espírito Santo,2011-08-01
189,53,Distrito Federal,2011-08-01
197,51,Mato Grosso,2011-08-01
209,50,Mato Grosso do Sul,2011-08-01
182,17,Tocantins,2011-08-01
135,16,Amapá,2011-08-01
158,11,Rondônia,2011-08-01
101,12,Acre,2011-08-01
104,14,Roraima,2011-08-01
3347,35,São Paulo,2011-09-01
1914,29,Bahia,2011-09-01
1734,31,Minas Gerais,2011-09-01
1339,33,Rio de Janeiro,2011-09-01
901,26,Pernambuco,2011-09-01
866,23,Ceará,2011-09-01
777,41,Paraná,2011-09-01
884,15,Pará,2011-09-01
612,43,Rio Grande do Sul,2011-09-01
529,21,Maranhão,2011-09-01
517,42,Santa Catarina,2011-09-01
527,13,Amazonas,2011-09-01
392,52,Goiás,2011-09-01
375,25,Paraíba,2011-09-01
346,22,Piauí,2011-09-01
387,27,Alagoas,2011-09-01
356,28,Sergipe,2011-09-01
279,24,Rio Grande do Norte,2011-09-01
299,32,Espírito Santo,2011-09-01
232,53,Distrito Federal,2011-09-01
238,51,Mato Grosso,2011-09-01
198,50,Mato Grosso do Sul,2011-09-01
187,17,Tocantins,2011-09-01
177,16,Amapá,2011-09-01
186,11,Rondônia,2011-09-01
120,12,Acre,2011-09-01
119,14,Roraima,2011-09-01
3292,35,São Paulo,2011-10-01
1752,29,Bahia,2011-10-01
1605,31,Minas Gerais,2011-10-01
1372,33,Rio de Janeiro,2011-10-01
1014,26,Pernambuco,2011-10-01
847,23,Ceará,2011-10-01
815,41,Paraná,2011-10-01
765,15,Pará,2011-10-01
611,43,Rio Grande do Sul,2011-10-01
688,21,Maranhão,2011-10-01
594,42,Santa Catarina,2011-10-01
485,13,Amazonas,2011-10-01
347,52,Goiás,2011-10-01
412,25,Paraíba,2011-10-01
376,22,Piauí,2011-10-01
338,27,Alagoas,2011-10-01
333,28,Sergipe,2011-10-01
239,24,Rio Grande do Norte,2011-10-01
291,32,Espírito Santo,2011-10-01
285,53,Distrito Federal,2011-10-01
237,51,Mato Grosso,2011-10-01
194,50,Mato Grosso do Sul,2011-10-01
171,17,Tocantins,2011-10-01
121,16,Amapá,2011-10-01
129,11,Rondônia,2011-10-01
112,12,Acre,2011-10-01
84,14,Roraima,2011-10-01
3123,35,São Paulo,2011-11-01
1920,29,Bahia,2011-11-01
1626,31,Minas Gerais,2011-11-01
1391,33,Rio de Janeiro,2011-11-01
833,26,Pernambuco,2011-11-01
901,23,Ceará,2011-11-01
741,41,Paraná,2011-11-01
702,15,Pará,2011-11-01
647,43,Rio Grande do Sul,2011-11-01
557,21,Maranhão,2011-11-01
566,42,Santa Catarina,2011-11-01
314,13,Amazonas,2011-11-01
391,52,Goiás,2011-11-01
397,25,Paraíba,2011-11-01
322,22,Piauí,2011-11-01
324,27,Alagoas,2011-11-01
344,28,Sergipe,2011-11-01
265,24,Rio Grande do Norte,2011-11-01
312,32,Espírito Santo,2011-11-01
123,53,Distrito Federal,2011-11-01
235,51,Mato Grosso,2011-11-01
198,50,Mato Grosso do Sul,2011-11-01
192,17,Tocantins,2011-11-01
144,16,Amapá,2011-11-01
176,11,Rondônia,2011-11-01
90,12,Acre,2011-11-01
95,14,Roraima,2011-11-01
3062,35,São Paulo,2011-12-01
1809,29,Bahia,2011-12-01
1573,31,Minas Gerais,2011-12-01
1328,33,Rio de Janeiro,2011-12-01
990,26,Pernambuco,2011-12-01
851,23,Ceará,2011-12-01
712,41,Paraná,2011-12-01
658,15,Pará,2011-12-01
653,43,Rio Grande do Sul,2011-12-01
770,21,Maranhão,2011-12-01
450,42,Santa Catarina,2011-12-01
475,13,Amazonas,2011-12-01
367,52,Goiás,2011-12-01
389,25,Paraíba,2011-12-01
282,22,Piauí,2011-12-01
249,27,Alagoas,2011-12-01
327,28,Sergipe,2011-12-01
268,24,Rio Grande do Norte,2011-12-01
274,32,Espírito Santo,2011-12-01
140,53,Distrito Federal,2011-12-01
231,51,Mato Grosso,2011-12-01
247,50,Mato Grosso do Sul,2011-12-01
233,17,Tocantins,2011-12-01
179,16,Amapá,2011-12-01
126,11,Rondônia,2011-12-01
116,12,Acre,2011-12-01
115,14,Roraima,2011-12-01
2808,35,São Paulo,2012-01-01
1828,29,Bahia,2012-01-01
1627,31,Minas Gerais,2012-01-01
1049,33,Rio de Janeiro,2012-01-01
883,26,Pernambuco,2012-01-01
891,23,Ceará,2012-01-01
826,41,Paraná,2012-01-01
825,15,Pará,2012-01-01
640,43,Rio Grande do Sul,2012-01-01
665,21,Maranhão,2012-01-01
478,42,Santa Catarina,2012-01-01
444,13,Amazonas,2012-01-01
338,52,Goiás,2012-01-01
396,25,Paraíba,2012-01-01
284,22,Piauí,2012-01-01
317,27,Alagoas,2012-01-01
283,28,Sergipe,2012-01-01
265,24,Rio Grande do Norte,2012-01-01
252,32,Espírito Santo,2012-01-01
273,53,Distrito Federal,2012-01-01
177,51,Mato Grosso,2012-01-01
215,50,Mato Grosso do Sul,2012-01-01
194,17,Tocantins,2012-01-01
127,16,Amapá,2012-01-01
164,11,Rondônia,2012-01-01
92,12,Acre,2012-01-01
99,14,Roraima,2012-01-01
2781,35,São Paulo,2012-02-01
1518,29,Bahia,2012-02-01
1441,31,Minas Gerais,2012-02-01
1024,33,Rio de Janeiro,2012-02-01
812,26,Pernambuco,2012-02-01
816,23,Ceará,2012-02-01
710,41,Paraná,2012-02-01
760,15,Pará,2012-02-01
627,43,Rio Grande do Sul,2012-02-01
634,21,Maranhão,2012-02-01
468,42,Santa Catarina,2012-02-01
399,13,Amazonas,2012-02-01
330,52,Goiás,2012-02-01
387,25,Paraíba,2012-02-01
305,22,Piauí,2012-02-01
264,27,Alagoas,2012-02-01
242,28,Sergipe,2012-02-01
181,24,Rio Grande do Norte,2012-02-01
253,32,Espírito Santo,2012-02-01
273,53,Distrito Federal,2012-02-01
164,51,Mato Grosso,2012-02-01
150,50,Mato Grosso do Sul,2012-02-01
204,17,Tocantins,2012-02-01
72,16,Amapá,2012-02-01
169,11,Rondônia,2012-02-01
119,12,Acre,2012-02-01
102,14,Roraima,2012-02-01
2898,35,São Paulo,2012-03-01
1743,29,Bahia,2012-03-01
1654,31,Minas Gerais,2012-03-01
1422,33,Rio de Janeiro,2012-03-01
866,26,Pernambuco,2012-03-01
776,23,Ceará,2012-03-01
700,41,Paraná,2012-03-01
727,15,Pará,2012-03-01
668,43,Rio Grande do Sul,2012-03-01
670,21,Maranhão,2012-03-01
488,42,Santa Catarina,2012-03-01
628,13,Amazonas,2012-03-01
333,52,Goiás,2012-03-01
358,25,Paraíba,2012-03-01
286,22,Piauí,2012-03-01
279,27,Alagoas,2012-03-01
256,28,Sergipe,2012-03-01
260,24,Rio Grande do Norte,2012-03-01
292,32,Espírito Santo,2012-03-01
202,53,Distrito Federal,2012-03-01
192,51,Mato Grosso,2012-03-01
231,50,Mato Grosso do Sul,2012-03-01
154,17,Tocantins,2012-03-01
243,16,Amapá,2012-03-01
167,11,Rondônia,2012-03-01
131,12,Acre,2012-03-01
111,14,Roraima,2012-03-01
2899,35,São Paulo,2012-04-01
1518,29,Bahia,2012-04-01
1446,31,Minas Gerais,2012-04-01
1136,33,Rio de Janeiro,2012-04-01
910,26,Pernambuco,2012-04-01
725,23,Ceará,2012-04-01
658,41,Paraná,2012-04-01
699,15,Pará,2012-04-01
565,43,Rio Grande do Sul,2012-04-01
614,21,Maranhão,2012-04-01
426,42,Santa Catarina,2012-04-01
399,13,Amazonas,2012-04-01
317,52,Goiás,2012-04-01
371,25,Paraíba,2012-04-01
263,22,Piauí,2012-04-01
274,27,Alagoas,2012-04-01
291,28,Sergipe,2012-04-01
195,24,Rio Grande do Norte,2012-04-01
243,32,Espírito Santo,2012-04-01
234,53,Distrito Federal,2012-04-01
238,51,Mato Grosso,2012-04-01
136,50,Mato Grosso do Sul,2012-04-01
169,17,Tocantins,2012-04-01
175,16,Amapá,2012-04-01
84,11,Rondônia,2012-04-01
106,12,Acre,2012-04-01
109,14,Roraima,2012-04-01
2660,35,São Paulo,2012-05-01
1594,29,Bahia,2012-05-01
1406,31,Minas Gerais,2012-05-01
1117,33,Rio de Janeiro,2012-05-01
808,26,Pernambuco,2012-05-01
795,23,Ceará,2012-05-01
660,41,Paraná,2012-05-01
733,15,Pará,2012-05-01
584,43,Rio Grande do Sul,2012-05-01
644,21,Maranhão,2012-05-01
415,42,Santa Catarina,2012-05-01
527,13,Amazonas,2012-05-01
339,52,Goiás,2012-05-01
335,25,Paraíba,2012-05-01
311,22,Piauí,2012-05-01
330,27,Alagoas,2012-05-01
285,28,Sergipe,2012-05-01
240,24,Rio Grande do Norte,2012-05-01
205,32,Espírito Santo,2012-05-01
176,53,Distrito Federal,2012-05-01
191,51,Mato Grosso,2012-05-01
201,50,Mato Grosso do Sul,2012-05-01
177,17,Tocantins,2012-05-01
139,16,Amapá,2012-05-01
240,11,Rondônia,2012-05-01
82,12,Acre,2012-05-01
116,14,Roraima,2012-05-01
2650,35,São Paulo,2012-06-01
1549,29,Bahia,2012-06-01
1465,31,Minas Gerais,2012-06-01
1114,33,Rio de Janeiro,2012-06-01
848,26,Pernambuco,2012-06-01
776,23,Ceará,2012-06-01
667,41,Paraná,2012-06-01
815,15,Pará,2012-06-01
634,43,Rio Grande do Sul,2012-06-01
549,21,Maranhão,2012-06-01
441,42,Santa Catarina,2012-06-01
596,13,Amazonas,2012-06-01
350,52,Goiás,2012-06-01
311,25,Paraíba,2012-06-01
328,22,Piauí,2012-06-01
303,27,Alagoas,2012-06-01
268,28,Sergipe,2012-06-01
301,24,Rio Grande do Norte,2012-06-01
242,32,Espírito Santo,2012-06-01
213,53,Distrito Federal,2012-06-01
213,51,Mato Grosso,2012-06-01
114,50,Mato Grosso do Sul,2012-06-01
176,17,Tocantins,2012-06-01
199,16,Amapá,2012-06-01
92,11,Rondônia,2012-06-01
118,12,Acre,2012-06-01
131,14,Roraima,2012-06-01
2956,35,São Paulo,2012-07-01
1591,29,Bahia,2012-07-01
1520,31,Minas Gerais,2012-07-01
1140,33,Rio de Janeiro,2012-07-01
872,26,Pernambuco,2012-07-01
736,23,Ceará,2012-07-01
693,41,Paraná,2012-07-01
693,15,Pará,2012-07-01
619,43,Rio Grande do Sul,2012-07-01
661,21,Maranhão,2012-07-01
459,42,Santa Catarina,2012-07-01
462,13,Amazonas,2012-07-01
315,52,Goiás,2012-07-01
340,25,Paraíba,2012-07-01
310,22,Piauí,2012-07-01
358,27,Alagoas,2012-07-01
276,28,Sergipe,2012-07-01
255,24,Rio Grande do Norte,2012-07-01
222,32,Espírito Santo,2012-07-01
279,53,Distrito Federal,2012-07-01
213,51,Mato Grosso,2012-07-01
184,50,Mato Grosso do Sul,2012-07-01
172,17,Tocantins,2012-07-01
142,16,Amapá,2012-07-01
188,11,Rondônia,2012-07-01
122,12,Acre,2012-07-01
96,14,Roraima,2012-07-01
3202,35,São Paulo,2012-08-01
1628,29,Bahia,2012-08-01
1519,31,Minas Gerais,2012-08-01
1385,33,Rio de Janeiro,2012-08-01
892,26,Pernambuco,2012-08-01
816,23,Ceará,2012-08-01
823,41,Paraná,2012-08-01
638,15,Pará,2012-08-01
715,43,Rio Grande do Sul,2012-08-01
634,21,Maranhão,2012-08-01
518,42,Santa Catarina,2012-08-01
451,13,Amazonas,2012-08-01
285,52,Goiás,2012-08-01
384,25,Paraíba,2012-08-01
317,22,Piauí,2012-08-01
314,27,Alagoas,2012-08-01
338,28,Sergipe,2012-08-01
198,24,Rio Grande do Norte,2012-08-01
304,32,Espírito Santo,2012-08-01
264,53,Distrito Federal,2012-08-01
200,51,Mato Grosso,2012-08-01
205,50,Mato Grosso do Sul,2012-08-01
170,17,Tocantins,2012-08-01
95,16,Amapá,2012-08-01
172,11,Rondônia,2012-08-01
131,12,Acre,2012-08-01
108,14,Roraima,2012-08-01
3010,35,São Paulo,2012-09-01
1735,29,Bahia,2012-09-01
1536,31,Minas Gerais,2012-09-01
1329,33,Rio de Janeiro,2012-09-01
909,26,Pernambuco,2012-09-01
762,23,Ceará,2012-09-01
784,41,Paraná,2012-09-01
761,15,Pará,2012-09-01
660,43,Rio Grande do Sul,2012-09-01
617,21,Maranhão,2012-09-01
492,42,Santa Catarina,2012-09-01
385,13,Amazonas,2012-09-01
431,52,Goiás,2012-09-01
374,25,Paraíba,2012-09-01
318,22,Piauí,2012-09-01
302,27,Alagoas,2012-09-01
288,28,Sergipe,2012-09-01
279,24,Rio Grande do Norte,2012-09-01
276,32,Espírito Santo,2012-09-01
216,53,Distrito Federal,2012-09-01
192,51,Mato Grosso,2012-09-01
191,50,Mato Grosso do Sul,2012-09-01
175,17,Tocantins,2012-09-01
190,16,Amapá,2012-09-01
119,11,Rondônia,2012-09-01
123,12,Acre,2012-09-01
118,14,Roraima,2012-09-01
3030,35,São Paulo,2012-10-01
1795,29,Bahia,2012-10-01
1560,31,Minas Gerais,2012-10-01
1277,33,Rio de Janeiro,2012-10-01
813,26,Pernambuco,2012-10-01
815,23,Ceará,2012-10-01
759,41,Paraná,2012-10-01
647,15,Pará,2012-10-01
703,43,Rio Grande do Sul,2012-10-01
616,21,Maranhão,2012-10-01
547,42,Santa Catarina,2012-10-01
428,13,Amazonas,2012-10-01
360,52,Goiás,2012-10-01
355,25,Paraíba,2012-10-01
296,22,Piauí,2012-10-01
363,27,Alagoas,2012-10-01
336,28,Sergipe,2012-10-01
278,24,Rio Grande do Norte,2012-10-01
303,32,Espírito Santo,2012-10-01
195,53,Distrito Federal,2012-10-01
218,51,Mato Grosso,2012-10-01
204,50,Mato Grosso do Sul,2012-10-01
182,17,Tocantins,2012-10-01
200,16,Amapá,2012-10-01
114,11,Rondônia,2012-10-01
97,12,Acre,2012-10-01
71,14,Roraima,2012-10-01
2974,35,São Paulo,2012-11-01
1731,29,Bahia,2012-11-01
1520,31,Minas Gerais,2012-11-01
1129,33,Rio de Janeiro,2012-11-01
1038,26,Pernambuco,2012-11-01
923,23,Ceará,2012-11-01
707,41,Paraná,2012-11-01
734,15,Pará,2012-11-01
707,43,Rio Grande do Sul,2012-11-01
626,21,Maranhão,2012-11-01
532,42,Santa Catarina,2012-11-01
474,13,Amazonas,2012-11-01
323,52,Goiás,2012-11-01
377,25,Paraíba,2012-11-01
309,22,Piauí,2012-11-01
343,27,Alagoas,2012-11-01
262,28,Sergipe,2012-11-01
250,24,Rio Grande do Norte,2012-11-01
286,32,Espírito Santo,2012-11-01
215,53,Distrito Federal,2012-11-01
234,51,Mato Grosso,2012-11-01
151,50,Mato Grosso do Sul,2012-11-01
186,17,Tocantins,2012-11-01
138,16,Amapá,2012-11-01
172,11,Rondônia,2012-11-01
106,12,Acre,2012-11-01
117,14,Roraima,2012-11-01
2814,35,São Paulo,2012-12-01
1518,29,Bahia,2012-12-01
1336,31,Minas Gerais,2012-12-01
1089,33,Rio de Janeiro,2012-12-01
986,26,Pernambuco,2012-12-01
803,23,Ceará,2012-12-01
755,41,Paraná,2012-12-01
807,15,Pará,2012-12-01
564,43,Rio Grande do Sul,2012-12-01
574,21,Maranhão,2012-12-01
498,42,Santa Catarina,2012-12-01
341,13,Amazonas,2012-12-01
315,52,Goiás,2012-12-01
333,25,Paraíba,2012-12-01
241,22,Piauí,2012-12-01
284,27,Alagoas,2012-12-01
282,28,Sergipe,2012-12-01
192,24,Rio Grande do Norte,2012-12-01
282,32,Espírito Santo,2012-12-01
177,53,Distrito Federal,2012-12-01
254,51,Mato Grosso,2012-12-01
207,50,Mato Grosso do Sul,2012-12-01
181,17,Tocantins,2012-12-01
128,16,Amapá,2012-12-01
83,11,Rondônia,2012-12-01
126,12,Acre,2012-12-01
93,14,Roraima,2012-12-01
2944,35,São Paulo,2013-01-01
1556,29,Bahia,2013-01-01
1666,31,Minas Gerais,2013-01-01
1244,33,Rio de Janeiro,2013-01-01
855,26,Pernambuco,2013-01-01
811,23,Ceará,2013-01-01
709,41,Paraná,2013-01-01
721,15,Pará,2013-01-01
611,43,Rio Grande do Sul,2013-01-01
705,21,Maranhão,2013-01-01
566,42,Santa Catarina,2013-01-01
563,13,Amazonas,2013-01-01
309,52,Goiás,2013-01-01
332,25,Paraíba,2013-01-01
329,22,Piauí,2013-01-01
337,27,Alagoas,2013-01-01
297,28,Sergipe,2013-01-01
275,24,Rio Grande do Norte,2013-01-01
287,32,Espírito Santo,2013-01-01
226,53,Distrito Federal,2013-01-01
251,51,Mato Grosso,2013-01-01
200,50,Mato Grosso do Sul,2013-01-01
160,17,Tocantins,2013-01-01
180,16,Amapá,2013-01-01
136,11,Rondônia,2013-01-01
118,12,Acre,2013-01-01
105,14,Roraima,2013-01-01
2497,35,São Paulo,2013-02-01
1528,29,Bahia,2013-02-01
1364,31,Minas Gerais,2013-02-01
996,33,Rio de Janeiro,2013-02-01
885,26,Pernambuco,2013-02-01
769,23,Ceará,2013-02-01
749,41,Paraná,2013-02-01
740,15,Pará,2013-02-01
534,43,Rio Grande do Sul,2013-02-01
662,21,Maranhão,2013-02-01
473,42,Santa Catarina,2013-02-01
409,13,Amazonas,2013-02-01
281,52,Goiás,2013-02-01
333,25,Paraíba,2013-02-01
314,22,Piauí,2013-02-01
275,27,Alagoas,2013-02-01
253,28,Sergipe,2013-02-01
222,24,Rio Grande do Norte,2013-02-01
263,32,Espírito Santo,2013-02-01
300,53,Distrito Federal,2013-02-01
206,51,Mato Grosso,2013-02-01
144,50,Mato Grosso do Sul,2013-02-01
142,17,Tocantins,2013-02-01
139,16,Amapá,2013-02-01
106,11,Rondônia,2013-02-01
132,12,Acre,2013-02-01
91,14,Roraima,2013-02-01
2593,35,São Paulo,2013-03-01
1524,29,Bahia,2013-03-01
1441,31,Minas Gerais,2013-03-01
1158,33,Rio de Janeiro,2013-03-01
1053,26,Pernambuco,2013-03-01
792,23,Ceará,2013-03-01
649,41,Paraná,2013-03-01
709,15,Pará,2013-03-01
557,43,Rio Grande do Sul,2013-03-01
645,21,Maranhão,2013-03-01
442,42,Santa Catarina,2013-03-01
523,13,Amazonas,2013-03-01
308,52,Goiás,2013-03-01
350,25,Paraíba,2013-03-01
357,22,Piauí,2013-03-01
306,27,Alagoas,2013-03-01
369,28,Sergipe,2013-03-01
223,24,Rio Grande do Norte,2013-03-01
245,32,Espírito Santo,2013-03-01
359,53,Distrito Federal,2013-03-01
238,51,Mato Grosso,2013-03-01
240,50,Mato Grosso do Sul,2013-03-01
166,17,Tocantins,2013-03-01
182,16,Amapá,2013-03-01
207,11,Rondônia,2013-03-01
89,12,Acre,2013-03-01
181,14,Roraima,2013-03-01
2719,35,São Paulo,2013-04-01
1529,29,Bahia,2013-04-01
1419,31,Minas Gerais,2013-04-01
1263,33,Rio de Janeiro,2013-04-01
796,26,Pernambuco,2013-04-01
794,23,Ceará,2013-04-01
704,41,Paraná,2013-04-01
702,15,Pará,2013-04-01
588,43,Rio Grande do Sul,2013-04-01
637,21,Maranhão,2013-04-01
466,42,Santa Catarina,2013-04-01
529,13,Amazonas,2013-04-01
369,52,Goiás,2013-04-01
279,25,Paraíba,2013-04-01
321,22,Piauí,2013-04-01
298,27,Alagoas,2013-04-01
217,28,Sergipe,2013-04-01
184,24,Rio Grande do Norte,2013-04-01
258,32,Espírito Santo,2013-04-01
223,53,Distrito Federal,2013-04-01
218,51,Mato Grosso,2013-04-01
168,50,Mato Grosso do Sul,2013-04-01
135,17,Tocantins,2013-04-01
178,16,Amapá,2013-04-01
186,11,Rondônia,2013-04-01
114,12,Acre,2013-04-01
95,14,Roraima,2013-04-01
2461,35,São Paulo,2013-05-01
1285,29,Bahia,2013-05-01
1379,31,Minas Gerais,2013-05-01
1186,33,Rio de Janeiro,2013-05-01
813,26,Pernambuco,2013-05-01
700,23,Ceará,2013-05-01
696,41,Paraná,2013-05-01
789,15,Pará,2013-05-01
553,43,Rio Grande do Sul,2013-05-01
525,21,Maranhão,2013-05-01
507,42,Santa Catarina,2013-05-01
579,13,Amazonas,2013-05-01
287,52,Goiás,2013-05-01
329,25,Paraíba,2013-05-01
295,22,Piauí,2013-05-01
315,27,Alagoas,2013-05-01
268,28,Sergipe,2013-05-01
204,24,Rio Grande do Norte,2013-05-01
233,32,Espírito Santo,2013-05-01
242,53,Distrito Federal,2013-05-01
214,51,Mato Grosso,2013-05-01
188,50,Mato Grosso do Sul,2013-05-01
162,17,Tocantins,2013-05-01
141,16,Amapá,2013-05-01
174,11,Rondônia,2013-05-01
95,12,Acre,2013-05-01
118,14,Roraima,2013-05-01
2556,35,São Paulo,2013-06-01
1346,29,Bahia,2013-06-01
1357,31,Minas Gerais,2013-06-01
1215,33,Rio de Janeiro,2013-06-01
807,26,Pernambuco,2013-06-01
627,23,Ceará,2013-06-01
733,41,Paraná,2013-06-01
752,15,Pará,2013-06-01
561,43,Rio Grande do Sul,2013-06-01
545,21,Maranhão,2013-06-01
470,42,Santa Catarina,2013-06-01
549,13,Amazonas,2013-06-01
309,52,Goiás,2013-06-01
296,25,Paraíba,2013-06-01
302,22,Piauí,2013-06-01
266,27,Alagoas,2013-06-01
247,28,Sergipe,2013-06-01
208,24,Rio Grande do Norte,2013-06-01
236,32,Espírito Santo,2013-06-01
215,53,Distrito Federal,2013-06-01
200,51,Mato Grosso,2013-06-01
176,50,Mato Grosso do Sul,2013-06-01
146,17,Tocantins,2013-06-01
132,16,Amapá,2013-06-01
121,11,Rondônia,2013-06-01
89,12,Acre,2013-06-01
143,14,Roraima,2013-06-01
2795,35,São Paulo,2013-07-01
1535,29,Bahia,2013-07-01
1424,31,Minas Gerais,2013-07-01
1312,33,Rio de Janeiro,2013-07-01
830,26,Pernambuco,2013-07-01
752,23,Ceará,2013-07-01
760,41,Paraná,2013-07-01
802,15,Pará,2013-07-01
589,43,Rio Grande do Sul,2013-07-01
680,21,Maranhão,2013-07-01
513,42,Santa Catarina,2013-07-01
563,13,Amazonas,2013-07-01
322,52,Goiás,2013-07-01
308,25,Paraíba,2013-07-01
286,22,Piauí,2013-07-01
278,27,Alagoas,2013-07-01
221,28,Sergipe,2013-07-01
264,24,Rio Grande do Norte,2013-07-01
264,32,Espírito Santo,2013-07-01
262,53,Distrito Federal,2013-07-01
214,51,Mato Grosso,2013-07-01
204,50,Mato Grosso do Sul,2013-07-01
151,17,Tocantins,2013-07-01
152,16,Amapá,2013-07-01
179,11,Rondônia,2013-07-01
89,12,Acre,2013-07-01
116,14,Roraima,2013-07-01
3078,35,São Paulo,2013-08-01
1722,29,Bahia,2013-08-01
1553,31,Minas Gerais,2013-08-01
1439,33,Rio de Janeiro,2013-08-01
866,26,Pernambuco,2013-08-01
682,23,Ceará,2013-08-01
785,41,Paraná,2013-08-01
712,15,Pará,2013-08-01
561,43,Rio Grande do Sul,2013-08-01
594,21,Maranhão,2013-08-01
528,42,Santa Catarina,2013-08-01
538,13,Amazonas,2013-08-01
400,52,Goiás,2013-08-01
310,25,Paraíba,2013-08-01
348,22,Piauí,2013-08-01
312,27,Alagoas,2013-08-01
244,28,Sergipe,2013-08-01
233,24,Rio Grande do Norte,2013-08-01
237,32,Espírito Santo,2013-08-01
265,53,Distrito Federal,2013-08-01
228,51,Mato Grosso,2013-08-01
228,50,Mato Grosso do Sul,2013-08-01
156,17,Tocantins,2013-08-01
144,16,Amapá,2013-08-01
145,11,Rondônia,2013-08-01
88,12,Acre,2013-08-01
123,14,Roraima,2013-08-01
3070,35,São Paulo,2013-09-01
1697,29,Bahia,2013-09-01
1620,31,Minas Gerais,2013-09-01
1411,33,Rio de Janeiro,2013-09-01
861,26,Pernambuco,2013-09-01
741,23,Ceará,2013-09-01
718,41,Paraná,2013-09-01
756,15,Pará,2013-09-01
572,43,Rio Grande do Sul,2013-09-01
611,21,Maranhão,2013-09-01
534,42,Santa Catarina,2013-09-01
504,13,Amazonas,2013-09-01
376,52,Goiás,2013-09-01
362,25,Paraíba,2013-09-01
338,22,Piauí,2013-09-01
285,27,Alagoas,2013-09-01
249,28,Sergipe,2013-09-01
277,24,Rio Grande do Norte,2013-09-01
287,32,Espírito Santo,2013-09-01
286,53,Distrito Federal,2013-09-01
248,51,Mato Grosso,2013-09-01
226,50,Mato Grosso do Sul,2013-09-01
187,17,Tocantins,2013-09-01
136,16,Amapá,2013-09-01
170,11,Rondônia,2013-09-01
93,12,Acre,2013-09-01
81,14,Roraima,2013-09-01
3305,35,São Paulo,2013-10-01
1736,29,Bahia,2013-10-01
1587,31,Minas Gerais,2013-10-01
1515,33,Rio de Janeiro,2013-10-01
903,26,Pernambuco,2013-10-01
947,23,Ceará,2013-10-01
721,41,Paraná,2013-10-01
824,15,Pará,2013-10-01
607,43,Rio Grande do Sul,2013-10-01
696,21,Maranhão,2013-10-01
530,42,Santa Catarina,2013-10-01
572,13,Amazonas,2013-10-01
341,52,Goiás,2013-10-01
340,25,Paraíba,2013-10-01
344,22,Piauí,2013-10-01
337,27,Alagoas,2013-10-01
276,28,Sergipe,2013-10-01
266,24,Rio Grande do Norte,2013-10-01
261,32,Espírito Santo,2013-10-01
206,53,Distrito Federal,2013-10-01
237,51,Mato Grosso,2013-10-01
200,50,Mato Grosso do Sul,2013-10-01
188,17,Tocantins,2013-10-01
111,16,Amapá,2013-10-01
135,11,Rondônia,2013-10-01
120,12,Acre,2013-10-01
151,14,Roraima,2013-10-01
3073,35,São Paulo,2013-11-01
1629,29,Bahia,2013-11-01
1467,31,Minas Gerais,2013-11-01
1383,33,Rio de Janeiro,2013-11-01
964,26,Pernambuco,2013-11-01
725,23,Ceará,2013-11-01
777,41,Paraná,2013-11-01
768,15,Pará,2013-11-01
607,43,Rio Grande do Sul,2013-11-01
700,21,Maranhão,2013-11-01
570,42,Santa Catarina,2013-11-01
528,13,Amazonas,2013-11-01
390,52,Goiás,2013-11-01
356,25,Paraíba,2013-11-01
356,22,Piauí,2013-11-01
250,27,Alagoas,2013-11-01
330,28,Sergipe,2013-11-01
289,24,Rio Grande do Norte,2013-11-01
223,32,Espírito Santo,2013-11-01
200,53,Distrito Federal,2013-11-01
257,51,Mato Grosso,2013-11-01
207,50,Mato Grosso do Sul,2013-11-01
183,17,Tocantins,2013-11-01
113,16,Amapá,2013-11-01
173,11,Rondônia,2013-11-01
115,12,Acre,2013-11-01
87,14,Roraima,2013-11-01
2777,35,São Paulo,2013-12-01
1594,29,Bahia,2013-12-01
1434,31,Minas Gerais,2013-12-01
1244,33,Rio de Janeiro,2013-12-01
955,26,Pernambuco,2013-12-01
858,23,Ceará,2013-12-01
690,41,Paraná,2013-12-01
768,15,Pará,2013-12-01
574,43,Rio Grande do Sul,2013-12-01
617,21,Maranhão,2013-12-01
526,42,Santa Catarina,2013-12-01
517,13,Amazonas,2013-12-01
332,52,Goiás,2013-12-01
301,25,Paraíba,2013-12-01
296,22,Piauí,2013-12-01
308,27,Alagoas,2013-12-01
287,28,Sergipe,2013-12-01
334,24,Rio Grande do Norte,2013-12-01
226,32,Espírito Santo,2013-12-01
199,53,Distrito Federal,2013-12-01
249,51,Mato Grosso,2013-12-01
204,50,Mato Grosso do Sul,2013-12-01
157,17,Tocantins,2013-12-01
114,16,Amapá,2013-12-01
94,11,Rondônia,2013-12-01
105,12,Acre,2013-12-01
44,14,Roraima,2013-12-01
3081,35,São Paulo,2014-01-01
1588,29,Bahia,2014-01-01
1550,31,Minas Gerais,2014-01-01
1296,33,Rio de Janeiro,2014-01-01
890,26,Pernambuco,2014-01-01
907,23,Ceará,2014-01-01
740,41,Paraná,2014-01-01
690,15,Pará,2014-01-01
647,43,Rio Grande do Sul,2014-01-01
631,21,Maranhão,2014-01-01
543,42,Santa Catarina,2014-01-01
542,13,Amazonas,2014-01-01
366,52,Goiás,2014-01-01
301,25,Paraíba,2014-01-01
377,22,Piauí,2014-01-01
259,27,Alagoas,2014-01-01
312,28,Sergipe,2014-01-01
352,24,Rio Grande do Norte,2014-01-01
222,32,Espírito Santo,2014-01-01
201,53,Distrito Federal,2014-01-01
224,51,Mato Grosso,2014-01-01
200,50,Mato Grosso do Sul,2014-01-01
186,17,Tocantins,2014-01-01
116,16,Amapá,2014-01-01
171,11,Rondônia,2014-01-01
143,12,Acre,2014-01-01
123,14,Roraima,2014-01-01
2665,35,São Paulo,2014-02-01
1559,29,Bahia,2014-02-01
1411,31,Minas Gerais,2014-02-01
1122,33,Rio de Janeiro,2014-02-01
852,26,Pernambuco,2014-02-01
754,23,Ceará,2014-02-01
677,41,Paraná,2014-02-01
703,15,Pará,2014-02-01
580,43,Rio Grande do Sul,2014-02-01
671,21,Maranhão,2014-02-01
528,42,Santa Catarina,2014-02-01
471,13,Amazonas,2014-02-01
347,52,Goiás,2014-02-01
271,25,Paraíba,2014-02-01
278,22,Piauí,2014-02-01
266,27,Alagoas,2014-02-01
260,28,Sergipe,2014-02-01
327,24,Rio Grande do Norte,2014-02-01
243,32,Espírito Santo,2014-02-01
189,53,Distrito Federal,2014-02-01
222,51,Mato Grosso,2014-02-01
213,50,Mato Grosso do Sul,2014-02-01
181,17,Tocantins,2014-02-01
139,16,Amapá,2014-02-01
161,11,Rondônia,2014-02-01
114,12,Acre,2014-02-01
93,14,Roraima,2014-02-01
2641,35,São Paulo,2014-03-01
1489,29,Bahia,2014-03-01
1350,31,Minas Gerais,2014-03-01
1077,33,Rio de Janeiro,2014-03-01
816,26,Pernambuco,2014-03-01
860,23,Ceará,2014-03-01
731,41,Paraná,2014-03-01
639,15,Pará,2014-03-01
541,43,Rio Grande do Sul,2014-03-01
654,21,Maranhão,2014-03-01
458,42,Santa Catarina,2014-03-01
471,13,Amazonas,2014-03-01
306,52,Goiás,2014-03-01
244,25,Paraíba,2014-03-01
300,22,Piauí,2014-03-01
272,27,Alagoas,2014-03-01
306,28,Sergipe,2014-03-01
392,24,Rio Grande do Norte,2014-03-01
242,32,Espírito Santo,2014-03-01
241,53,Distrito Federal,2014-03-01
206,51,Mato Grosso,2014-03-01
184,50,Mato Grosso do Sul,2014-03-01
160,17,Tocantins,2014-03-01
132,16,Amapá,2014-03-01
241,11,Rondônia,2014-03-01
109,12,Acre,2014-03-01
109,14,Roraima,2014-03-01
2620,35,São Paulo,2014-04-01
1364,29,Bahia,2014-04-01
1331,31,Minas Gerais,2014-04-01
1158,33,Rio de Janeiro,2014-04-01
851,26,Pernambuco,2014-04-01
726,23,Ceará,2014-04-01
675,41,Paraná,2014-04-01
757,15,Pará,2014-04-01
481,43,Rio Grande do Sul,2014-04-01
592,21,Maranhão,2014-04-01
457,42,Santa Catarina,2014-04-01
498,13,Amazonas,2014-04-01
343,52,Goiás,2014-04-01
252,25,Paraíba,2014-04-01
282,22,Piauí,2014-04-01
254,27,Alagoas,2014-04-01
245,28,Sergipe,2014-04-01
437,24,Rio Grande do Norte,2014-04-01
192,32,Espírito Santo,2014-04-01
151,53,Distrito Federal,2014-04-01
228,51,Mato Grosso,2014-04-01
177,50,Mato Grosso do Sul,2014-04-01
165,17,Tocantins,2014-04-01
142,16,Amapá,2014-04-01
92,11,Rondônia,2014-04-01
86,12,Acre,2014-04-01
118,14,Roraima,2014-04-01
2645,35,São Paulo,2014-05-01
1332,29,Bahia,2014-05-01
1371,31,Minas Gerais,2014-05-01
1203,33,Rio de Janeiro,2014-05-01
839,26,Pernambuco,2014-05-01
797,23,Ceará,2014-05-01
631,41,Paraná,2014-05-01
690,15,Pará,2014-05-01
495,43,Rio Grande do Sul,2014-05-01
630,21,Maranhão,2014-05-01
471,42,Santa Catarina,2014-05-01
466,13,Amazonas,2014-05-01
310,52,Goiás,2014-05-01
250,25,Paraíba,2014-05-01
278,22,Piauí,2014-05-01
266,27,Alagoas,2014-05-01
243,28,Sergipe,2014-05-01
318,24,Rio Grande do Norte,2014-05-01
217,32,Espírito Santo,2014-05-01
241,53,Distrito Federal,2014-05-01
223,51,Mato Grosso,2014-05-01
152,50,Mato Grosso do Sul,2014-05-01
158,17,Tocantins,2014-05-01
170,16,Amapá,2014-05-01
185,11,Rondônia,2014-05-01
113,12,Acre,2014-05-01
90,14,Roraima,2014-05-01
2555,35,São Paulo,2014-06-01
1342,29,Bahia,2014-06-01
1417,31,Minas Gerais,2014-06-01
1070,33,Rio de Janeiro,2014-06-01
820,26,Pernambuco,2014-06-01
682,23,Ceará,2014-06-01
695,41,Paraná,2014-06-01
666,15,Pará,2014-06-01
504,43,Rio Grande do Sul,2014-06-01
596,21,Maranhão,2014-06-01
416,42,Santa Catarina,2014-06-01
446,13,Amazonas,2014-06-01
317,52,Goiás,2014-06-01
297,25,Paraíba,2014-06-01
316,22,Piauí,2014-06-01
278,27,Alagoas,2014-06-01
256,28,Sergipe,2014-06-01
269,24,Rio Grande do Norte,2014-06-01
206,32,Espírito Santo,2014-06-01
137,53,Distrito Federal,2014-06-01
199,51,Mato Grosso,2014-06-01
159,50,Mato Grosso do Sul,2014-06-01
147,17,Tocantins,2014-06-01
50,16,Amapá,2014-06-01
128,11,Rondônia,2014-06-01
112,12,Acre,2014-06-01
118,14,Roraima,2014-06-01
2859,35,São Paulo,2014-07-01
1588,29,Bahia,2014-07-01
1590,31,Minas Gerais,2014-07-01
1296,33,Rio de Janeiro,2014-07-01
810,26,Pernambuco,2014-07-01
838,23,Ceará,2014-07-01
755,41,Paraná,2014-07-01
576,15,Pará,2014-07-01
563,43,Rio Grande do Sul,2014-07-01
637,21,Maranhão,2014-07-01
500,42,Santa Catarina,2014-07-01
430,13,Amazonas,2014-07-01
312,52,Goiás,2014-07-01
303,25,Paraíba,2014-07-01
269,22,Piauí,2014-07-01
263,27,Alagoas,2014-07-01
247,28,Sergipe,2014-07-01
313,24,Rio Grande do Norte,2014-07-01
231,32,Espírito Santo,2014-07-01
203,53,Distrito Federal,2014-07-01
211,51,Mato Grosso,2014-07-01
174,50,Mato Grosso do Sul,2014-07-01
177,17,Tocantins,2014-07-01
150,16,Amapá,2014-07-01
171,11,Rondônia,2014-07-01
72,12,Acre,2014-07-01
100,14,Roraima,2014-07-01
3098,35,São Paulo,2014-08-01
1611,29,Bahia,2014-08-01
1438,31,Minas Gerais,2014-08-01
1325,33,Rio de Janeiro,2014-08-01
770,26,Pernambuco,2014-08-01
825,23,Ceará,2014-08-01
778,41,Paraná,2014-08-01
693,15,Pará,2014-08-01
544,43,Rio Grande do Sul,2014-08-01
665,21,Maranhão,2014-08-01
571,42,Santa Catarina,2014-08-01
432,13,Amazonas,2014-08-01
347,52,Goiás,2014-08-01
319,25,Paraíba,2014-08-01
342,22,Piauí,2014-08-01
287,27,Alagoas,2014-08-01
251,28,Sergipe,2014-08-01
280,24,Rio Grande do Norte,2014-08-01
246,32,Espírito Santo,2014-08-01
271,53,Distrito Federal,2014-08-01
213,51,Mato Grosso,2014-08-01
149,50,Mato Grosso do Sul,2014-08-01
167,17,Tocantins,2014-08-01
145,16,Amapá,2014-08-01
117,11,Rondônia,2014-08-01
87,12,Acre,2014-08-01
78,14,Roraima,2014-08-01
2950,35,São Paulo,2014-09-01
1710,29,Bahia,2014-09-01
1579,31,Minas Gerais,2014-09-01
1589,33,Rio de Janeiro,2014-09-01
913,26,Pernambuco,2014-09-01
875,23,Ceará,2014-09-01
823,41,Paraná,2014-09-01
715,15,Pará,2014-09-01
659,43,Rio Grande do Sul,2014-09-01
604,21,Maranhão,2014-09-01
565,42,Santa Catarina,2014-09-01
425,13,Amazonas,2014-09-01
362,52,Goiás,2014-09-01
319,25,Paraíba,2014-09-01
311,22,Piauí,2014-09-01
246,27,Alagoas,2014-09-01
292,28,Sergipe,2014-09-01
316,24,Rio Grande do Norte,2014-09-01
259,32,Espírito Santo,2014-09-01
237,53,Distrito Federal,2014-09-01
231,51,Mato Grosso,2014-09-01
181,50,Mato Grosso do Sul,2014-09-01
179,17,Tocantins,2014-09-01
125,16,Amapá,2014-09-01
137,11,Rondônia,2014-09-01
109,12,Acre,2014-09-01
75,14,Roraima,2014-09-01
3135,35,São Paulo,2014-10-01
1757,29,Bahia,2014-10-01
1451,31,Minas Gerais,2014-10-01
1321,33,Rio de Janeiro,2014-10-01
892,26,Pernambuco,2014-10-01
887,23,Ceará,2014-10-01
785,41,Paraná,2014-10-01
637,15,Pará,2014-10-01
717,43,Rio Grande do Sul,2014-10-01
625,21,Maranhão,2014-10-01
588,42,Santa Catarina,2014-10-01
456,13,Amazonas,2014-10-01
357,52,Goiás,2014-10-01
339,25,Paraíba,2014-10-01
263,22,Piauí,2014-10-01
301,27,Alagoas,2014-10-01
230,28,Sergipe,2014-10-01
348,24,Rio Grande do Norte,2014-10-01
250,32,Espírito Santo,2014-10-01
207,53,Distrito Federal,2014-10-01
244,51,Mato Grosso,2014-10-01
201,50,Mato Grosso do Sul,2014-10-01
186,17,Tocantins,2014-10-01
138,16,Amapá,2014-10-01
143,11,Rondônia,2014-10-01
128,12,Acre,2014-10-01
46,14,Roraima,2014-10-01
3062,35,São Paulo,2014-11-01
1577,29,Bahia,2014-11-01
1559,31,Minas Gerais,2014-11-01
1419,33,Rio de Janeiro,2014-11-01
886,26,Pernambuco,2014-11-01
957,23,Ceará,2014-11-01
813,41,Paraná,2014-11-01
674,15,Pará,2014-11-01
631,43,Rio Grande do Sul,2014-11-01
635,21,Maranhão,2014-11-01
544,42,Santa Catarina,2014-11-01
345,13,Amazonas,2014-11-01
322,52,Goiás,2014-11-01
336,25,Paraíba,2014-11-01
377,22,Piauí,2014-11-01
278,27,Alagoas,2014-11-01
257,28,Sergipe,2014-11-01
306,24,Rio Grande do Norte,2014-11-01
280,32,Espírito Santo,2014-11-01
244,53,Distrito Federal,2014-11-01
254,51,Mato Grosso,2014-11-01
194,50,Mato Grosso do Sul,2014-11-01
194,17,Tocantins,2014-11-01
114,16,Amapá,2014-11-01
163,11,Rondônia,2014-11-01
102,12,Acre,2014-11-01
120,14,Roraima,2014-11-01
2770,35,São Paulo,2014-12-01
1451,29,Bahia,2014-12-01
1383,31,Minas Gerais,2014-12-01
1217,33,Rio de Janeiro,2014-12-01
873,26,Pernambuco,2014-12-01
834,23,Ceará,2014-12-01
807,41,Paraná,2014-12-01
619,15,Pará,2014-12-01
601,43,Rio Grande do Sul,2014-12-01
640,21,Maranhão,2014-12-01
484,42,Santa Catarina,2014-12-01
416,13,Amazonas,2014-12-01
353,52,Goiás,2014-12-01
320,25,Paraíba,2014-12-01
226,22,Piauí,2014-12-01
257,27,Alagoas,2014-12-01
252,28,Sergipe,2014-12-01
305,24,Rio Grande do Norte,2014-12-01
235,32,Espírito Santo,2014-12-01
137,53,Distrito Federal,2014-12-01
219,51,Mato Grosso,2014-12-01
247,50,Mato Grosso do Sul,2014-12-01
153,17,Tocantins,2014-12-01
112,16,Amapá,2014-12-01
164,11,Rondônia,2014-12-01
56,12,Acre,2014-12-01
5,14,Roraima,2014-12-01
2722,35,São Paulo,2015-01-01
1522,29,Bahia,2015-01-01
1397,31,Minas Gerais,2015-01-01
1216,33,Rio de Janeiro,2015-01-01
811,26,Pernambuco,2015-01-01
857,23,Ceará,2015-01-01
812,41,Paraná,2015-01-01
620,15,Pará,2015-01-01
586,43,Rio Grande do Sul,2015-01-01
628,21,Maranhão,2015-01-01
591,42,Santa Catarina,2015-01-01
417,13,Amazonas,2015-01-01
330,52,Goiás,2015-01-01
271,25,Paraíba,2015-01-01
280,22,Piauí,2015-01-01
320,27,Alagoas,2015-01-01
263,28,Sergipe,2015-01-01
343,24,Rio Grande do Norte,2015-01-01
255,32,Espírito Santo,2015-01-01
214,53,Distrito Federal,2015-01-01
220,51,Mato Grosso,2015-01-01
197,50,Mato Grosso do Sul,2015-01-01
164,17,Tocantins,2015-01-01
116,16,Amapá,2015-01-01
105,11,Rondônia,2015-01-01
102,12,Acre,2015-01-01
103,14,Roraima,2015-01-01
2428,35,São Paulo,2015-02-01
1439,29,Bahia,2015-02-01
1321,31,Minas Gerais,2015-02-01
1105,33,Rio de Janeiro,2015-02-01
801,26,Pernambuco,2015-02-01
733,23,Ceará,2015-02-01
691,41,Paraná,2015-02-01
621,15,Pará,2015-02-01
526,43,Rio Grande do Sul,2015-02-01
632,21,Maranhão,2015-02-01
489,42,Santa Catarina,2015-02-01
410,13,Amazonas,2015-02-01
315,52,Goiás,2015-02-01
308,25,Paraíba,2015-02-01
336,22,Piauí,2015-02-01
247,27,Alagoas,2015-02-01
271,28,Sergipe,2015-02-01
289,24,Rio Grande do Norte,2015-02-01
211,32,Espírito Santo,2015-02-01
138,53,Distrito Federal,2015-02-01
239,51,Mato Grosso,2015-02-01
213,50,Mato Grosso do Sul,2015-02-01
165,17,Tocantins,2015-02-01
105,16,Amapá,2015-02-01
159,11,Rondônia,2015-02-01
108,12,Acre,2015-02-01
114,14,Roraima,2015-02-01
2517,35,São Paulo,2015-03-01
1454,29,Bahia,2015-03-01
1363,31,Minas Gerais,2015-03-01
1333,33,Rio de Janeiro,2015-03-01
883,26,Pernambuco,2015-03-01
790,23,Ceará,2015-03-01
677,41,Paraná,2015-03-01
601,15,Pará,2015-03-01
559,43,Rio Grande do Sul,2015-03-01
702,21,Maranhão,2015-03-01
514,42,Santa Catarina,2015-03-01
473,13,Amazonas,2015-03-01
337,52,Goiás,2015-03-01
288,25,Paraíba,2015-03-01
245,22,Piauí,2015-03-01
261,27,Alagoas,2015-03-01
260,28,Sergipe,2015-03-01
317,24,Rio Grande do Norte,2015-03-01
212,32,Espírito Santo,2015-03-01
242,53,Distrito Federal,2015-03-01
204,51,Mato Grosso,2015-03-01
151,50,Mato Grosso do Sul,2015-03-01
160,17,Tocantins,2015-03-01
118,16,Amapá,2015-03-01
147,11,Rondônia,2015-03-01
112,12,Acre,2015-03-01
102,14,Roraima,2015-03-01
2384,35,São Paulo,2015-04-01
1276,29,Bahia,2015-04-01
1215,31,Minas Gerais,2015-04-01
1145,33,Rio de Janeiro,2015-04-01
848,26,Pernambuco,2015-04-01
790,23,Ceará,2015-04-01
682,41,Paraná,2015-04-01
673,15,Pará,2015-04-01
547,43,Rio Grande do Sul,2015-04-01
612,21,Maranhão,2015-04-01
407,42,Santa Catarina,2015-04-01
466,13,Amazonas,2015-04-01
314,52,Goiás,2015-04-01
280,25,Paraíba,2015-04-01
296,22,Piauí,2015-04-01
254,27,Alagoas,2015-04-01
349,28,Sergipe,2015-04-01
310,24,Rio Grande do Norte,2015-04-01
223,32,Espírito Santo,2015-04-01
198,53,Distrito Federal,2015-04-01
237,51,Mato Grosso,2015-04-01
171,50,Mato Grosso do Sul,2015-04-01
168,17,Tocantins,2015-04-01
136,16,Amapá,2015-04-01
96,11,Rondônia,2015-04-01
98,12,Acre,2015-04-01
115,14,Roraima,2015-04-01
2513,35,São Paulo,2015-05-01
1441,29,Bahia,2015-05-01
1343,31,Minas Gerais,2015-05-01
1146,33,Rio de Janeiro,2015-05-01
869,26,Pernambuco,2015-05-01
772,23,Ceará,2015-05-01
728,41,Paraná,2015-05-01
687,15,Pará,2015-05-01
611,43,Rio Grande do Sul,2015-05-01
727,21,Maranhão,2015-05-01
398,42,Santa Catarina,2015-05-01
492,13,Amazonas,2015-05-01
310,52,Goiás,2015-05-01
271,25,Paraíba,2015-05-01
318,22,Piauí,2015-05-01
237,27,Alagoas,2015-05-01
230,28,Sergipe,2015-05-01
338,24,Rio Grande do Norte,2015-05-01
239,32,Espírito Santo,2015-05-01
267,53,Distrito Federal,2015-05-01
221,51,Mato Grosso,2015-05-01
191,50,Mato Grosso do Sul,2015-05-01
137,17,Tocantins,2015-05-01
120,16,Amapá,2015-05-01
144,11,Rondônia,2015-05-01
104,12,Acre,2015-05-01
99,14,Roraima,2015-05-01
2537,35,São Paulo,2015-06-01
1252,29,Bahia,2015-06-01
1271,31,Minas Gerais,2015-06-01
1272,33,Rio de Janeiro,2015-06-01
814,26,Pernambuco,2015-06-01
751,23,Ceará,2015-06-01
738,41,Paraná,2015-06-01
773,15,Pará,2015-06-01
563,43,Rio Grande do Sul,2015-06-01
684,21,Maranhão,2015-06-01
441,42,Santa Catarina,2015-06-01
519,13,Amazonas,2015-06-01
314,52,Goiás,2015-06-01
243,25,Paraíba,2015-06-01
336,22,Piauí,2015-06-01
232,27,Alagoas,2015-06-01
261,28,Sergipe,2015-06-01
284,24,Rio Grande do Norte,2015-06-01
207,32,Espírito Santo,2015-06-01
186,53,Distrito Federal,2015-06-01
242,51,Mato Grosso,2015-06-01
140,50,Mato Grosso do Sul,2015-06-01
158,17,Tocantins,2015-06-01
159,16,Amapá,2015-06-01
131,11,Rondônia,2015-06-01
84,12,Acre,2015-06-01
79,14,Roraima,2015-06-01
2768,35,São Paulo,2015-07-01
1447,29,Bahia,2015-07-01
1320,31,Minas Gerais,2015-07-01
1592,33,Rio de Janeiro,2015-07-01
758,26,Pernambuco,2015-07-01
798,23,Ceará,2015-07-01
739,41,Paraná,2015-07-01
665,15,Pará,2015-07-01
566,43,Rio Grande do Sul,2015-07-01
680,21,Maranhão,2015-07-01
442,42,Santa Catarina,2015-07-01
496,13,Amazonas,2015-07-01
323,52,Goiás,2015-07-01
309,25,Paraíba,2015-07-01
307,22,Piauí,2015-07-01
329,27,Alagoas,2015-07-01
259,28,Sergipe,2015-07-01
394,24,Rio Grande do Norte,2015-07-01
287,32,Espírito Santo,2015-07-01
177,53,Distrito Federal,2015-07-01
227,51,Mato Grosso,2015-07-01
196,50,Mato Grosso do Sul,2015-07-01
144,17,Tocantins,2015-07-01
107,16,Amapá,2015-07-01
125,11,Rondônia,2015-07-01
102,12,Acre,2015-07-01
104,14,Roraima,2015-07-01
2855,35,São Paulo,2015-08-01
1459,29,Bahia,2015-08-01
1401,31,Minas Gerais,2015-08-01
1427,33,Rio de Janeiro,2015-08-01
817,26,Pernambuco,2015-08-01
803,23,Ceará,2015-08-01
767,41,Paraná,2015-08-01
709,15,Pará,2015-08-01
593,43,Rio Grande do Sul,2015-08-01
619,21,Maranhão,2015-08-01
501,42,Santa Catarina,2015-08-01
475,13,Amazonas,2015-08-01
346,52,Goiás,2015-08-01
319,25,Paraíba,2015-08-01
363,22,Piauí,2015-08-01
255,27,Alagoas,2015-08-01
263,28,Sergipe,2015-08-01
260,24,Rio Grande do Norte,2015-08-01
234,32,Espírito Santo,2015-08-01
209,53,Distrito Federal,2015-08-01
266,51,Mato Grosso,2015-08-01
207,50,Mato Grosso do Sul,2015-08-01
163,17,Tocantins,2015-08-01
109,16,Amapá,2015-08-01
128,11,Rondônia,2015-08-01
129,12,Acre,2015-08-01
116,14,Roraima,2015-08-01
2842,35,São Paulo,2015-09-01
1623,29,Bahia,2015-09-01
1479,31,Minas Gerais,2015-09-01
1470,33,Rio de Janeiro,2015-09-01
812,26,Pernambuco,2015-09-01
919,23,Ceará,2015-09-01
692,41,Paraná,2015-09-01
685,15,Pará,2015-09-01
562,43,Rio Grande do Sul,2015-09-01
591,21,Maranhão,2015-09-01
509,42,Santa Catarina,2015-09-01
428,13,Amazonas,2015-09-01
334,52,Goiás,2015-09-01
226,25,Paraíba,2015-09-01
346,22,Piauí,2015-09-01
284,27,Alagoas,2015-09-01
246,28,Sergipe,2015-09-01
300,24,Rio Grande do Norte,2015-09-01
222,32,Espírito Santo,2015-09-01
194,53,Distrito Federal,2015-09-01
264,51,Mato Grosso,2015-09-01
177,50,Mato Grosso do Sul,2015-09-01
147,17,Tocantins,2015-09-01
107,16,Amapá,2015-09-01
181,11,Rondônia,2015-09-01
108,12,Acre,2015-09-01
162,14,Roraima,2015-09-01
2932,35,São Paulo,2015-10-01
1506,29,Bahia,2015-10-01
1446,31,Minas Gerais,2015-10-01
1492,33,Rio de Janeiro,2015-10-01
774,26,Pernambuco,2015-10-01
815,23,Ceará,2015-10-01
847,41,Paraná,2015-10-01
681,15,Pará,2015-10-01
596,43,Rio Grande do Sul,2015-10-01
637,21,Maranhão,2015-10-01
611,42,Santa Catarina,2015-10-01
427,13,Amazonas,2015-10-01
307,52,Goiás,2015-10-01
287,25,Paraíba,2015-10-01
372,22,Piauí,2015-10-01
275,27,Alagoas,2015-10-01
325,28,Sergipe,2015-10-01
277,24,Rio Grande do Norte,2015-10-01
230,32,Espírito Santo,2015-10-01
142,53,Distrito Federal,2015-10-01
261,51,Mato Grosso,2015-10-01
208,50,Mato Grosso do Sul,2015-10-01
160,17,Tocantins,2015-10-01
113,16,Amapá,2015-10-01
132,11,Rondônia,2015-10-01
138,12,Acre,2015-10-01
98,14,Roraima,2015-10-01
2799,35,São Paulo,2015-11-01
1713,29,Bahia,2015-11-01
1372,31,Minas Gerais,2015-11-01
1308,33,Rio de Janeiro,2015-11-01
860,26,Pernambuco,2015-11-01
865,23,Ceará,2015-11-01
789,41,Paraná,2015-11-01
654,15,Pará,2015-11-01
582,43,Rio Grande do Sul,2015-11-01
603,21,Maranhão,2015-11-01
519,42,Santa Catarina,2015-11-01
446,13,Amazonas,2015-11-01
383,52,Goiás,2015-11-01
253,25,Paraíba,2015-11-01
324,22,Piauí,2015-11-01
360,27,Alagoas,2015-11-01
337,28,Sergipe,2015-11-01
356,24,Rio Grande do Norte,2015-11-01
259,32,Espírito Santo,2015-11-01
132,53,Distrito Federal,2015-11-01
267,51,Mato Grosso,2015-11-01
193,50,Mato Grosso do Sul,2015-11-01
168,17,Tocantins,2015-11-01
105,16,Amapá,2015-11-01
161,11,Rondônia,2015-11-01
128,12,Acre,2015-11-01
104,14,Roraima,2015-11-01
2646,35,São Paulo,2015-12-01
1439,29,Bahia,2015-12-01
1384,31,Minas Gerais,2015-12-01
1338,33,Rio de Janeiro,2015-12-01
800,26,Pernambuco,2015-12-01
853,23,Ceará,2015-12-01
790,41,Paraná,2015-12-01
619,15,Pará,2015-12-01
579,43,Rio Grande do Sul,2015-12-01
619,21,Maranhão,2015-12-01
441,42,Santa Catarina,2015-12-01
416,13,Amazonas,2015-12-01
384,52,Goiás,2015-12-01
265,25,Paraíba,2015-12-01
338,22,Piauí,2015-12-01
298,27,Alagoas,2015-12-01
280,28,Sergipe,2015-12-01
316,24,Rio Grande do Norte,2015-12-01
220,32,Espírito Santo,2015-12-01
211,53,Distrito Federal,2015-12-01
228,51,Mato Grosso,2015-12-01
140,50,Mato Grosso do Sul,2015-12-01
85,17,Tocantins,2015-12-01
92,16,Amapá,2015-12-01
140,11,Rondônia,2015-12-01
79,12,Acre,2015-12-01
46,14,Roraima,2015-12-01
2597,35,São Paulo,2016-01-01
1487,29,Bahia,2016-01-01
1317,31,Minas Gerais,2016-01-01
1204,33,Rio de Janeiro,2016-01-01
791,26,Pernambuco,2016-01-01
819,23,Ceará,2016-01-01
762,41,Paraná,2016-01-01
634,15,Pará,2016-01-01
597,43,Rio Grande do Sul,2016-01-01
648,21,Maranhão,2016-01-01
640,42,Santa Catarina,2016-01-01
417,13,Amazonas,2016-01-01
333,52,Goiás,2016-01-01
229,25,Paraíba,2016-01-01
280,22,Piauí,2016-01-01
303,27,Alagoas,2016-01-01
253,28,Sergipe,2016-01-01
278,24,Rio Grande do Norte,2016-01-01
246,32,Espírito Santo,2016-01-01
158,53,Distrito Federal,2016-01-01
204,51,Mato Grosso,2016-01-01
168,50,Mato Grosso do Sul,2016-01-01
139,17,Tocantins,2016-01-01
92,16,Amapá,2016-01-01
133,11,Rondônia,2016-01-01
122,12,Acre,2016-01-01
123,14,Roraima,2016-01-01
2476,35,São Paulo,2016-02-01
1347,29,Bahia,2016-02-01
1300,31,Minas Gerais,2016-02-01
1184,33,Rio de Janeiro,2016-02-01
731,26,Pernambuco,2016-02-01
768,23,Ceará,2016-02-01
660,41,Paraná,2016-02-01
599,15,Pará,2016-02-01
525,43,Rio Grande do Sul,2016-02-01
556,21,Maranhão,2016-02-01
513,42,Santa Catarina,2016-02-01
408,13,Amazonas,2016-02-01
312,52,Goiás,2016-02-01
254,25,Paraíba,2016-02-01
400,22,Piauí,2016-02-01
303,27,Alagoas,2016-02-01
212,28,Sergipe,2016-02-01
270,24,Rio Grande do Norte,2016-02-01
244,32,Espírito Santo,2016-02-01
212,53,Distrito Federal,2016-02-01
247,51,Mato Grosso,2016-02-01
142,50,Mato Grosso do Sul,2016-02-01
158,17,Tocantins,2016-02-01
96,16,Amapá,2016-02-01
114,11,Rondônia,2016-02-01
105,12,Acre,2016-02-01
65,14,Roraima,2016-02-01
2513,35,São Paulo,2016-03-01
1235,29,Bahia,2016-03-01
1218,31,Minas Gerais,2016-03-01
1264,33,Rio de Janeiro,2016-03-01
722,26,Pernambuco,2016-03-01
720,23,Ceará,2016-03-01
736,41,Paraná,2016-03-01
643,15,Pará,2016-03-01
539,43,Rio Grande do Sul,2016-03-01
591,21,Maranhão,2016-03-01
543,42,Santa Catarina,2016-03-01
426,13,Amazonas,2016-03-01
304,52,Goiás,2016-03-01
249,25,Paraíba,2016-03-01
282,22,Piauí,2016-03-01
213,27,Alagoas,2016-03-01
201,28,Sergipe,2016-03-01
281,24,Rio Grande do Norte,2016-03-01
230,32,Espírito Santo,2016-03-01
275,53,Distrito Federal,2016-03-01
222,51,Mato Grosso,2016-03-01
105,50,Mato Grosso do Sul,2016-03-01
156,17,Tocantins,2016-03-01
92,16,Amapá,2016-03-01
143,11,Rondônia,2016-03-01
128,12,Acre,2016-03-01
78,14,Roraima,2016-03-01
2358,35,São Paulo,2016-04-01
1464,29,Bahia,2016-04-01
1161,31,Minas Gerais,2016-04-01
1117,33,Rio de Janeiro,2016-04-01
637,26,Pernambuco,2016-04-01
679,23,Ceará,2016-04-01
645,41,Paraná,2016-04-01
617,15,Pará,2016-04-01
528,43,Rio Grande do Sul,2016-04-01
579,21,Maranhão,2016-04-01
436,42,Santa Catarina,2016-04-01
394,13,Amazonas,2016-04-01
274,52,Goiás,2016-04-01
219,25,Paraíba,2016-04-01
342,22,Piauí,2016-04-01
235,27,Alagoas,2016-04-01
211,28,Sergipe,2016-04-01
288,24,Rio Grande do Norte,2016-04-01
216,32,Espírito Santo,2016-04-01
177,53,Distrito Federal,2016-04-01
207,51,Mato Grosso,2016-04-01
115,50,Mato Grosso do Sul,2016-04-01
129,17,Tocantins,2016-04-01
106,16,Amapá,2016-04-01
139,11,Rondônia,2016-04-01
69,12,Acre,2016-04-01
119,14,Roraima,2016-04-01
2343,35,São Paulo,2016-05-01
1287,29,Bahia,2016-05-01
1182,31,Minas Gerais,2016-05-01
948,33,Rio de Janeiro,2016-05-01
664,26,Pernambuco,2016-05-01
767,23,Ceará,2016-05-01
702,41,Paraná,2016-05-01
611,15,Pará,2016-05-01
484,43,Rio Grande do Sul,2016-05-01
544,21,Maranhão,2016-05-01
510,42,Santa Catarina,2016-05-01
471,13,Amazonas,2016-05-01
322,52,Goiás,2016-05-01
213,25,Paraíba,2016-05-01
242,22,Piauí,2016-05-01
179,27,Alagoas,2016-05-01
227,28,Sergipe,2016-05-01
204,24,Rio Grande do Norte,2016-05-01
243,32,Espírito Santo,2016-05-01
215,53,Distrito Federal,2016-05-01
172,51,Mato Grosso,2016-05-01
115,50,Mato Grosso do Sul,2016-05-01
159,17,Tocantins,2016-05-01
98,16,Amapá,2016-05-01
136,11,Rondônia,2016-05-01
131,12,Acre,2016-05-01
86,14,Roraima,2016-05-01
2326,35,São Paulo,2016-06-01
1368,29,Bahia,2016-06-01
1195,31,Minas Gerais,2016-06-01
969,33,Rio de Janeiro,2016-06-01
619,26,Pernambuco,2016-06-01
726,23,Ceará,2016-06-01
649,41,Paraná,2016-06-01
565,15,Pará,2016-06-01
456,43,Rio Grande do Sul,2016-06-01
530,21,Maranhão,2016-06-01
471,42,Santa Catarina,2016-06-01
429,13,Amazonas,2016-06-01
301,52,Goiás,2016-06-01
255,25,Paraíba,2016-06-01
315,22,Piauí,2016-06-01
270,27,Alagoas,2016-06-01
214,28,Sergipe,2016-06-01
240,24,Rio Grande do Norte,2016-06-01
215,32,Espírito Santo,2016-06-01
231,53,Distrito Federal,2016-06-01
190,51,Mato Grosso,2016-06-01
149,50,Mato Grosso do Sul,2016-06-01
136,17,Tocantins,2016-06-01
104,16,Amapá,2016-06-01
142,11,Rondônia,2016-06-01
141,12,Acre,2016-06-01
118,14,Roraima,2016-06-01
2556,35,São Paulo,2016-07-01
1363,29,Bahia,2016-07-01
1267,31,Minas Gerais,2016-07-01
1131,33,Rio de Janeiro,2016-07-01
670,26,Pernambuco,2016-07-01
689,23,Ceará,2016-07-01
712,41,Paraná,2016-07-01
500,15,Pará,2016-07-01
503,43,Rio Grande do Sul,2016-07-01
527,21,Maranhão,2016-07-01
466,42,Santa Catarina,2016-07-01
462,13,Amazonas,2016-07-01
325,52,Goiás,2016-07-01
240,25,Paraíba,2016-07-01
307,22,Piauí,2016-07-01
279,27,Alagoas,2016-07-01
249,28,Sergipe,2016-07-01
214,24,Rio Grande do Norte,2016-07-01
255,32,Espírito Santo,2016-07-01
191,53,Distrito Federal,2016-07-01
206,51,Mato Grosso,2016-07-01
140,50,Mato Grosso do Sul,2016-07-01
141,17,Tocantins,2016-07-01
81,16,Amapá,2016-07-01
146,11,Rondônia,2016-07-01
138,12,Acre,2016-07-01
133,14,Roraima,2016-07-01
2730,35,São Paulo,2016-08-01
1491,29,Bahia,2016-08-01
1301,31,Minas Gerais,2016-08-01
1180,33,Rio de Janeiro,2016-08-01
686,26,Pernambuco,2016-08-01
693,23,Ceará,2016-08-01
763,41,Paraná,2016-08-01
682,15,Pará,2016-08-01
575,43,Rio Grande do Sul,2016-08-01
548,21,Maranhão,2016-08-01
530,42,Santa Catarina,2016-08-01
475,13,Amazonas,2016-08-01
345,52,Goiás,2016-08-01
279,25,Paraíba,2016-08-01
315,22,Piauí,2016-08-01
234,27,Alagoas,2016-08-01
248,28,Sergipe,2016-08-01
251,24,Rio Grande do Norte,2016-08-01
261,32,Espírito Santo,2016-08-01
232,53,Distrito Federal,2016-08-01
189,51,Mato Grosso,2016-08-01
131,50,Mato Grosso do Sul,2016-08-01
151,17,Tocantins,2016-08-01
129,16,Amapá,2016-08-01
167,11,Rondônia,2016-08-01
113,12,Acre,2016-08-01
102,14,Roraima,2016-08-01
2902,35,São Paulo,2016-09-01
1478,29,Bahia,2016-09-01
1420,31,Minas Gerais,2016-09-01
1243,33,Rio de Janeiro,2016-09-01
721,26,Pernambuco,2016-09-01
864,23,Ceará,2016-09-01
793,41,Paraná,2016-09-01
571,15,Pará,2016-09-01
580,43,Rio Grande do Sul,2016-09-01
547,21,Maranhão,2016-09-01
589,42,Santa Catarina,2016-09-01
453,13,Amazonas,2016-09-01
307,52,Goiás,2016-09-01
299,25,Paraíba,2016-09-01
343,22,Piauí,2016-09-01
269,27,Alagoas,2016-09-01
260,28,Sergipe,2016-09-01
242,24,Rio Grande do Norte,2016-09-01
254,32,Espírito Santo,2016-09-01
222,53,Distrito Federal,2016-09-01
238,51,Mato Grosso,2016-09-01
172,50,Mato Grosso do Sul,2016-09-01
137,17,Tocantins,2016-09-01
93,16,Amapá,2016-09-01
153,11,Rondônia,2016-09-01
121,12,Acre,2016-09-01
125,14,Roraima,2016-09-01
2939,35,São Paulo,2016-10-01
1492,29,Bahia,2016-10-01
1441,31,Minas Gerais,2016-10-01
1174,33,Rio de Janeiro,2016-10-01
784,26,Pernambuco,2016-10-01
885,23,Ceará,2016-10-01
812,41,Paraná,2016-10-01
600,15,Pará,2016-10-01
602,43,Rio Grande do Sul,2016-10-01
583,21,Maranhão,2016-10-01
595,42,Santa Catarina,2016-10-01
459,13,Amazonas,2016-10-01
363,52,Goiás,2016-10-01
331,25,Paraíba,2016-10-01
312,22,Piauí,2016-10-01
294,27,Alagoas,2016-10-01
255,28,Sergipe,2016-10-01
217,24,Rio Grande do Norte,2016-10-01
254,32,Espírito Santo,2016-10-01
230,53,Distrito Federal,2016-10-01
253,51,Mato Grosso,2016-10-01
145,50,Mato Grosso do Sul,2016-10-01
139,17,Tocantins,2016-10-01
112,16,Amapá,2016-10-01
146,11,Rondônia,2016-10-01
139,12,Acre,2016-10-01
102,14,Roraima,2016-10-01
2963,35,São Paulo,2016-11-01
1498,29,Bahia,2016-11-01
1392,31,Minas Gerais,2016-11-01
1217,33,Rio de Janeiro,2016-11-01
753,26,Pernambuco,2016-11-01
879,23,Ceará,2016-11-01
870,41,Paraná,2016-11-01
513,15,Pará,2016-11-01
617,43,Rio Grande do Sul,2016-11-01
690,21,Maranhão,2016-11-01
599,42,Santa Catarina,2016-11-01
407,13,Amazonas,2016-11-01
331,52,Goiás,2016-11-01
331,25,Paraíba,2016-11-01
391,22,Piauí,2016-11-01
301,27,Alagoas,2016-11-01
258,28,Sergipe,2016-11-01
229,24,Rio Grande do Norte,2016-11-01
273,32,Espírito Santo,2016-11-01
213,53,Distrito Federal,2016-11-01
247,51,Mato Grosso,2016-11-01
182,50,Mato Grosso do Sul,2016-11-01
141,17,Tocantins,2016-11-01
96,16,Amapá,2016-11-01
133,11,Rondônia,2016-11-01
95,12,Acre,2016-11-01
81,14,Roraima,2016-11-01
2749,35,São Paulo,2016-12-01
1422,29,Bahia,2016-12-01
1335,31,Minas Gerais,2016-12-01
1183,33,Rio de Janeiro,2016-12-01
774,26,Pernambuco,2016-12-01
855,23,Ceará,2016-12-01
840,41,Paraná,2016-12-01
608,15,Pará,2016-12-01
657,43,Rio Grande do Sul,2016-12-01
550,21,Maranhão,2016-12-01
560,42,Santa Catarina,2016-12-01
430,13,Amazonas,2016-12-01
321,52,Goiás,2016-12-01
325,25,Paraíba,2016-12-01
316,22,Piauí,2016-12-01
297,27,Alagoas,2016-12-01
266,28,Sergipe,2016-12-01
313,24,Rio Grande do Norte,2016-12-01
293,32,Espírito Santo,2016-12-01
183,53,Distrito Federal,2016-12-01
232,51,Mato Grosso,2016-12-01
213,50,Mato Grosso do Sul,2016-12-01
122,17,Tocantins,2016-12-01
101,16,Amapá,2016-12-01
139,11,Rondônia,2016-12-01
94,12,Acre,2016-12-01
94,14,Roraima,2016-12-01
2773,35,São Paulo,2017-01-01
1379,29,Bahia,2017-01-01
1305,31,Minas Gerais,2017-01-01
1106,33,Rio de Janeiro,2017-01-01
794,26,Pernambuco,2017-01-01
794,23,Ceará,2017-01-01
831,41,Paraná,2017-01-01
677,15,Pará,2017-01-01
581,43,Rio Grande do Sul,2017-01-01
567,21,Maranhão,2017-01-01
615,42,Santa Catarina,2017-01-01
430,13,Amazonas,2017-01-01
356,52,Goiás,2017-01-01
331,25,Paraíba,2017-01-01
342,22,Piauí,2017-01-01
392,27,Alagoas,2017-01-01
178,28,Sergipe,2017-01-01
293,24,Rio Grande do Norte,2017-01-01
286,32,Espírito Santo,2017-01-01
207,53,Distrito Federal,2017-01-01
195,51,Mato Grosso,2017-01-01
154,50,Mato Grosso do Sul,2017-01-01
143,17,Tocantins,2017-01-01
131,16,Amapá,2017-01-01
128,11,Rondônia,2017-01-01
77,12,Acre,2017-01-01
85,14,Roraima,2017-01-01
2525,35,São Paulo,2017-02-01
1352,29,Bahia,2017-02-01
1209,31,Minas Gerais,2017-02-01
1080,33,Rio de Janeiro,2017-02-01
778,26,Pernambuco,2017-02-01
711,23,Ceará,2017-02-01
771,41,Paraná,2017-02-01
692,15,Pará,2017-02-01
526,43,Rio Grande do Sul,2017-02-01
593,21,Maranhão,2017-02-01
511,42,Santa Catarina,2017-02-01
451,13,Amazonas,2017-02-01
278,52,Goiás,2017-02-01
305,25,Paraíba,2017-02-01
283,22,Piauí,2017-02-01
252,27,Alagoas,2017-02-01
195,28,Sergipe,2017-02-01
294,24,Rio Grande do Norte,2017-02-01
227,32,Espírito Santo,2017-02-01
196,53,Distrito Federal,2017-02-01
226,51,Mato Grosso,2017-02-01
169,50,Mato Grosso do Sul,2017-02-01
115,17,Tocantins,2017-02-01
110,16,Amapá,2017-02-01
170,11,Rondônia,2017-02-01
133,12,Acre,2017-02-01
47,14,Roraima,2017-02-01
2673,35,São Paulo,2017-03-01
1407,29,Bahia,2017-03-01
1225,31,Minas Gerais,2017-03-01
1070,33,Rio de Janeiro,2017-03-01
719,26,Pernambuco,2017-03-01
840,23,Ceará,2017-03-01
804,41,Paraná,2017-03-01
644,15,Pará,2017-03-01
526,43,Rio Grande do Sul,2017-03-01
641,21,Maranhão,2017-03-01
545,42,Santa Catarina,2017-03-01
457,13,Amazonas,2017-03-01
300,52,Goiás,2017-03-01
295,25,Paraíba,2017-03-01
281,22,Piauí,2017-03-01
237,27,Alagoas,2017-03-01
241,28,Sergipe,2017-03-01
314,24,Rio Grande do Norte,2017-03-01
253,32,Espírito Santo,2017-03-01
244,53,Distrito Federal,2017-03-01
227,51,Mato Grosso,2017-03-01
147,50,Mato Grosso do Sul,2017-03-01
136,17,Tocantins,2017-03-01
111,16,Amapá,2017-03-01
157,11,Rondônia,2017-03-01
83,12,Acre,2017-03-01
93,14,Roraima,2017-03-01
2287,35,São Paulo,2017-04-01
1316,29,Bahia,2017-04-01
1058,31,Minas Gerais,2017-04-01
1009,33,Rio de Janeiro,2017-04-01
771,26,Pernambuco,2017-04-01
691,23,Ceará,2017-04-01
722,41,Paraná,2017-04-01
702,15,Pará,2017-04-01
480,43,Rio Grande do Sul,2017-04-01
580,21,Maranhão,2017-04-01
451,42,Santa Catarina,2017-04-01
461,13,Amazonas,2017-04-01
284,52,Goiás,2017-04-01
291,25,Paraíba,2017-04-01
275,22,Piauí,2017-04-01
265,27,Alagoas,2017-04-01
209,28,Sergipe,2017-04-01
277,24,Rio Grande do Norte,2017-04-01
276,32,Espírito Santo,2017-04-01
182,53,Distrito Federal,2017-04-01
217,51,Mato Grosso,2017-04-01
127,50,Mato Grosso do Sul,2017-04-01
124,17,Tocantins,2017-04-01
78,16,Amapá,2017-04-01
124,11,Rondônia,2017-04-01
97,12,Acre,2017-04-01
117,14,Roraima,2017-04-01
2527,35,São Paulo,2017-05-01
1338,29,Bahia,2017-05-01
1293,31,Minas Gerais,2017-05-01
1023,33,Rio de Janeiro,2017-05-01
693,26,Pernambuco,2017-05-01
793,23,Ceará,2017-05-01
739,41,Paraná,2017-05-01
648,15,Pará,2017-05-01
527,43,Rio Grande do Sul,2017-05-01
624,21,Maranhão,2017-05-01
440,42,Santa Catarina,2017-05-01
490,13,Amazonas,2017-05-01
297,52,Goiás,2017-05-01
267,25,Paraíba,2017-05-01
336,22,Piauí,2017-05-01
304,27,Alagoas,2017-05-01
244,28,Sergipe,2017-05-01
278,24,Rio Grande do Norte,2017-05-01
233,32,Espírito Santo,2017-05-01
164,53,Distrito Federal,2017-05-01
212,51,Mato Grosso,2017-05-01
147,50,Mato Grosso do Sul,2017-05-01
131,17,Tocantins,2017-05-01
106,16,Amapá,2017-05-01
166,11,Rondônia,2017-05-01
109,12,Acre,2017-05-01
92,14,Roraima,2017-05-01
2607,35,São Paulo,2017-06-01
1258,29,Bahia,2017-06-01
1287,31,Minas Gerais,2017-06-01
1052,33,Rio de Janeiro,2017-06-01
660,26,Pernambuco,2017-06-01
798,23,Ceará,2017-06-01
767,41,Paraná,2017-06-01
655,15,Pará,2017-06-01
477,43,Rio Grande do Sul,2017-06-01
622,21,Maranhão,2017-06-01
502,42,Santa Catarina,2017-06-01
401,13,Amazonas,2017-06-01
303,52,Goiás,2017-06-01
267,25,Paraíba,2017-06-01
324,22,Piauí,2017-06-01
253,27,Alagoas,2017-06-01
168,28,Sergipe,2017-06-01
241,24,Rio Grande do Norte,2017-06-01
245,32,Espírito Santo,2017-06-01
147,53,Distrito Federal,2017-06-01
209,51,Mato Grosso,2017-06-01
131,50,Mato Grosso do Sul,2017-06-01
120,17,Tocantins,2017-06-01
103,16,Amapá,2017-06-01
134,11,Rondônia,2017-06-01
83,12,Acre,2017-06-01
96,14,Roraima,2017-06-01
2591,35,São Paulo,2017-07-01
1276,29,Bahia,2017-07-01
1244,31,Minas Gerais,2017-07-01
1193,33,Rio de Janeiro,2017-07-01
684,26,Pernambuco,2017-07-01
778,23,Ceará,2017-07-01
768,41,Paraná,2017-07-01
617,15,Pará,2017-07-01
548,43,Rio Grande do Sul,2017-07-01
674,21,Maranhão,2017-07-01
522,42,Santa Catarina,2017-07-01
401,13,Amazonas,2017-07-01
258,52,Goiás,2017-07-01
285,25,Paraíba,2017-07-01
308,22,Piauí,2017-07-01
256,27,Alagoas,2017-07-01
178,28,Sergipe,2017-07-01
300,24,Rio Grande do Norte,2017-07-01
222,32,Espírito Santo,2017-07-01
188,53,Distrito Federal,2017-07-01
219,51,Mato Grosso,2017-07-01
144,50,Mato Grosso do Sul,2017-07-01
109,17,Tocantins,2017-07-01
126,16,Amapá,2017-07-01
147,11,Rondônia,2017-07-01
60,12,Acre,2017-07-01
107,14,Roraima,2017-07-01
3013,35,São Paulo,2017-08-01
1458,29,Bahia,2017-08-01
1262,31,Minas Gerais,2017-08-01
1170,33,Rio de Janeiro,2017-08-01
735,26,Pernambuco,2017-08-01
715,23,Ceará,2017-08-01
844,41,Paraná,2017-08-01
715,15,Pará,2017-08-01
554,43,Rio Grande do Sul,2017-08-01
583,21,Maranhão,2017-08-01
586,42,Santa Catarina,2017-08-01
435,13,Amazonas,2017-08-01
303,52,Goiás,2017-08-01
310,25,Paraíba,2017-08-01
281,22,Piauí,2017-08-01
319,27,Alagoas,2017-08-01
249,28,Sergipe,2017-08-01
275,24,Rio Grande do Norte,2017-08-01
226,32,Espírito Santo,2017-08-01
131,53,Distrito Federal,2017-08-01
223,51,Mato Grosso,2017-08-01
158,50,Mato Grosso do Sul,2017-08-01
8,17,Tocantins,2017-08-01
77,16,Amapá,2017-08-01
137,11,Rondônia,2017-08-01
107,12,Acre,2017-08-01
93,14,Roraima,2017-08-01
2852,35,São Paulo,2017-09-01
1533,29,Bahia,2017-09-01
1221,31,Minas Gerais,2017-09-01
1308,33,Rio de Janeiro,2017-09-01
796,26,Pernambuco,2017-09-01
737,23,Ceará,2017-09-01
854,41,Paraná,2017-09-01
662,15,Pará,2017-09-01
651,43,Rio Grande do Sul,2017-09-01
617,21,Maranhão,2017-09-01
640,42,Santa Catarina,2017-09-01
391,13,Amazonas,2017-09-01
361,52,Goiás,2017-09-01
348,25,Paraíba,2017-09-01
355,22,Piauí,2017-09-01
277,27,Alagoas,2017-09-01
225,28,Sergipe,2017-09-01
348,24,Rio Grande do Norte,2017-09-01
254,32,Espírito Santo,2017-09-01
192,53,Distrito Federal,2017-09-01
269,51,Mato Grosso,2017-09-01
188,50,Mato Grosso do Sul,2017-09-01
4,17,Tocantins,2017-09-01
129,16,Amapá,2017-09-01
130,11,Rondônia,2017-09-01
110,12,Acre,2017-09-01
90,14,Roraima,2017-09-01
2968,35,São Paulo,2017-10-01
1505,29,Bahia,2017-10-01
1459,31,Minas Gerais,2017-10-01
1350,33,Rio de Janeiro,2017-10-01
795,26,Pernambuco,2017-10-01
834,23,Ceará,2017-10-01
817,41,Paraná,2017-10-01
649,15,Pará,2017-10-01
589,43,Rio Grande do Sul,2017-10-01
654,21,Maranhão,2017-10-01
581,42,Santa Catarina,2017-10-01
423,13,Amazonas,2017-10-01
367,52,Goiás,2017-10-01
304,25,Paraíba,2017-10-01
326,22,Piauí,2017-10-01
312,27,Alagoas,2017-10-01
240,28,Sergipe,2017-10-01
302,24,Rio Grande do Norte,2017-10-01
261,32,Espírito Santo,2017-10-01
246,53,Distrito Federal,2017-10-01
269,51,Mato Grosso,2017-10-01
204,50,Mato Grosso do Sul,2017-10-01
8,17,Tocantins,2017-10-01
63,16,Amapá,2017-10-01
167,11,Rondônia,2017-10-01
111,12,Acre,2017-10-01
89,14,Roraima,2017-10-01
2946,35,São Paulo,2017-11-01
1545,29,Bahia,2017-11-01
1333,31,Minas Gerais,2017-11-01
1217,33,Rio de Janeiro,2017-11-01
778,26,Pernambuco,2017-11-01
875,23,Ceará,2017-11-01
830,41,Paraná,2017-11-01
654,15,Pará,2017-11-01
581,43,Rio Grande do Sul,2017-11-01
615,21,Maranhão,2017-11-01
573,42,Santa Catarina,2017-11-01
390,13,Amazonas,2017-11-01
329,52,Goiás,2017-11-01
367,25,Paraíba,2017-11-01
326,22,Piauí,2017-11-01
314,27,Alagoas,2017-11-01
289,28,Sergipe,2017-11-01
311,24,Rio Grande do Norte,2017-11-01
254,32,Espírito Santo,2017-11-01
166,53,Distrito Federal,2017-11-01
288,51,Mato Grosso,2017-11-01
175,50,Mato Grosso do Sul,2017-11-01
7,17,Tocantins,2017-11-01
97,16,Amapá,2017-11-01
152,11,Rondônia,2017-11-01
112,12,Acre,2017-11-01
85,14,Roraima,2017-11-01
2756,35,São Paulo,2017-12-01
1418,29,Bahia,2017-12-01
1359,31,Minas Gerais,2017-12-01
1085,33,Rio de Janeiro,2017-12-01
831,26,Pernambuco,2017-12-01
806,23,Ceará,2017-12-01
950,41,Paraná,2017-12-01
651,15,Pará,2017-12-01
552,43,Rio Grande do Sul,2017-12-01
661,21,Maranhão,2017-12-01
507,42,Santa Catarina,2017-12-01
379,13,Amazonas,2017-12-01
315,52,Goiás,2017-12-01
332,25,Paraíba,2017-12-01
362,22,Piauí,2017-12-01
303,27,Alagoas,2017-12-01
263,28,Sergipe,2017-12-01
278,24,Rio Grande do Norte,2017-12-01
249,32,Espírito Santo,2017-12-01
191,53,Distrito Federal,2017-12-01
244,51,Mato Grosso,2017-12-01
208,50,Mato Grosso do Sul,2017-12-01
6,17,Tocantins,2017-12-01
64,16,Amapá,2017-12-01
162,11,Rondônia,2017-12-01
86,12,Acre,2017-12-01
54,14,Roraima,2017-12-01
2771,35,São Paulo,2018-01-01
1462,29,Bahia,2018-01-01
1260,31,Minas Gerais,2018-01-01
1049,33,Rio de Janeiro,2018-01-01
738,26,Pernambuco,2018-01-01
843,23,Ceará,2018-01-01
835,41,Paraná,2018-01-01
606,15,Pará,2018-01-01
558,43,Rio Grande do Sul,2018-01-01
602,21,Maranhão,2018-01-01
536,42,Santa Catarina,2018-01-01
408,13,Amazonas,2018-01-01
289,52,Goiás,2018-01-01
313,25,Paraíba,2018-01-01
309,22,Piauí,2018-01-01
325,27,Alagoas,2018-01-01
279,28,Sergipe,2018-01-01
347,24,Rio Grande do Norte,2018-01-01
302,32,Espírito Santo,2018-01-01
248,53,Distrito Federal,2018-01-01
260,51,Mato Grosso,2018-01-01
171,50,Mato Grosso do Sul,2018-01-01
3,17,Tocantins,2018-01-01
101,16,Amapá,2018-01-01
180,11,Rondônia,2018-01-01
160,12,Acre,2018-01-01
83,14,Roraima,2018-01-01
2520,35,São Paulo,2018-02-01
1192,29,Bahia,2018-02-01
1235,31,Minas Gerais,2018-02-01
930,33,Rio de Janeiro,2018-02-01
647,26,Pernambuco,2018-02-01
756,23,Ceará,2018-02-01
840,41,Paraná,2018-02-01
599,15,Pará,2018-02-01
495,43,Rio Grande do Sul,2018-02-01
581,21,Maranhão,2018-02-01
586,42,Santa Catarina,2018-02-01
393,13,Amazonas,2018-02-01
296,52,Goiás,2018-02-01
249,25,Paraíba,2018-02-01
299,22,Piauí,2018-02-01
255,27,Alagoas,2018-02-01
151,28,Sergipe,2018-02-01
297,24,Rio Grande do Norte,2018-02-01
204,32,Espírito Santo,2018-02-01
214,53,Distrito Federal,2018-02-01
268,51,Mato Grosso,2018-02-01
178,50,Mato Grosso do Sul,2018-02-01
4,17,Tocantins,2018-02-01
78,16,Amapá,2018-02-01
156,11,Rondônia,2018-02-01
116,12,Acre,2018-02-01
87,14,Roraima,2018-02-01
2595,35,São Paulo,2018-03-01
1375,29,Bahia,2018-03-01
1413,31,Minas Gerais,2018-03-01
919,33,Rio de Janeiro,2018-03-01
749,26,Pernambuco,2018-03-01
827,23,Ceará,2018-03-01
852,41,Paraná,2018-03-01
597,15,Pará,2018-03-01
531,43,Rio Grande do Sul,2018-03-01
634,21,Maranhão,2018-03-01
632,42,Santa Catarina,2018-03-01
392,13,Amazonas,2018-03-01
287,52,Goiás,2018-03-01
315,25,Paraíba,2018-03-01
266,22,Piauí,2018-03-01
288,27,Alagoas,2018-03-01
234,28,Sergipe,2018-03-01
256,24,Rio Grande do Norte,2018-03-01
214,32,Espírito Santo,2018-03-01
204,53,Distrito Federal,2018-03-01
245,51,Mato Grosso,2018-03-01
164,50,Mato Grosso do Sul,2018-03-01
1,17,Tocantins,2018-03-01
84,16,Amapá,2018-03-01
160,11,Rondônia,2018-03-01
72,12,Acre,2018-03-01
78,14,Roraima,2018-03-01
2476,35,São Paulo,2018-04-01
1363,29,Bahia,2018-04-01
1196,31,Minas Gerais,2018-04-01
946,33,Rio de Janeiro,2018-04-01
693,26,Pernambuco,2018-04-01
734,23,Ceará,2018-04-01
712,41,Paraná,2018-04-01
654,15,Pará,2018-04-01
479,43,Rio Grande do Sul,2018-04-01
624,21,Maranhão,2018-04-01
546,42,Santa Catarina,2018-04-01
417,13,Amazonas,2018-04-01
248,52,Goiás,2018-04-01
272,25,Paraíba,2018-04-01
244,22,Piauí,2018-04-01
215,27,Alagoas,2018-04-01
185,28,Sergipe,2018-04-01
311,24,Rio Grande do Norte,2018-04-01
204,32,Espírito Santo,2018-04-01
198,53,Distrito Federal,2018-04-01
248,51,Mato Grosso,2018-04-01
148,50,Mato Grosso do Sul,2018-04-01
6,17,Tocantins,2018-04-01
82,16,Amapá,2018-04-01
162,11,Rondônia,2018-04-01
113,12,Acre,2018-04-01
109,14,Roraima,2018-04-01
2559,35,São Paulo,2018-05-01
1260,29,Bahia,2018-05-01
1158,31,Minas Gerais,2018-05-01
920,33,Rio de Janeiro,2018-05-01
716,26,Pernambuco,2018-05-01
791,23,Ceará,2018-05-01
760,41,Paraná,2018-05-01
528,15,Pará,2018-05-01
404,43,Rio Grande do Sul,2018-05-01
505,21,Maranhão,2018-05-01
530,42,Santa Catarina,2018-05-01
414,13,Amazonas,2018-05-01
279,52,Goiás,2018-05-01
296,25,Paraíba,2018-05-01
238,22,Piauí,2018-05-01
263,27,Alagoas,2018-05-01
154,28,Sergipe,2018-05-01
343,24,Rio Grande do Norte,2018-05-01
206,32,Espírito Santo,2018-05-01
216,53,Distrito Federal,2018-05-01
248,51,Mato Grosso,2018-05-01
118,50,Mato Grosso do Sul,2018-05-01
10,17,Tocantins,2018-05-01
42,16,Amapá,2018-05-01
76,11,Rondônia,2018-05-01
82,12,Acre,2018-05-01
123,14,Roraima,2018-05-01
2365,35,São Paulo,2018-06-01
1245,29,Bahia,2018-06-01
1086,31,Minas Gerais,2018-06-01
910,33,Rio de Janeiro,2018-06-01
666,26,Pernambuco,2018-06-01
655,23,Ceará,2018-06-01
712,41,Paraná,2018-06-01
427,15,Pará,2018-06-01
487,43,Rio Grande do Sul,2018-06-01
482,21,Maranhão,2018-06-01
489,42,Santa Catarina,2018-06-01
374,13,Amazonas,2018-06-01
217,52,Goiás,2018-06-01
227,25,Paraíba,2018-06-01
176,22,Piauí,2018-06-01
239,27,Alagoas,2018-06-01
178,28,Sergipe,2018-06-01
249,24,Rio Grande do Norte,2018-06-01
197,32,Espírito Santo,2018-06-01
200,53,Distrito Federal,2018-06-01
233,51,Mato Grosso,2018-06-01
163,50,Mato Grosso do Sul,2018-06-01
1,17,Tocantins,2018-06-01
-,16,Amapá,2018-06-01
54,11,Rondônia,2018-06-01
91,12,Acre,2018-06-01
114,14,Roraima,2018-06-01
